999
dxflib 3.26.4.0
  0
SECTION
  2
HEADER
  9
$ACADVER
  1
AC1015
  9
$HANDSEED
  5
FFFF
  9
$DIMADEC
 70
0
  9
$DIMASZ
 40
0.125
  9
$DIMATFIT
 70
0
  9
$DIMAUNIT
 70
0
  9
$DIMAZIN
 70
2
  9
$DIMBLK
  1
0
  9
$DIMBLK1
  1
0
  9
$DIMBLK2
  1
0
  9
$DIMDEC
 70
4
  9
$DIMDLI
 40
0.25
  9
$DIMDSEP
 70
46
  9
$DIMEXE
 40
0.0625
  9
$DIMEXO
 40
0.03125
  9
$DIMGAP
 40
0.03125
  9
$DIMLFAC
 40
1.0
  9
$DIMLUNIT
 70
3
  9
$DIMSCALE
 40
1.0
  9
$DIMTAD
 70
1
  9
$DIMTIH
 70
0
  9
$DIMTSZ
 40
0.0
  9
$DIMTXT
 40
0.125
  9
$DIMZIN
 70
8
  9
$DWGCODEPAGE
  3
ANSI_1252
  9
$INSUNITS
 70
1
  9
$LTSCALE
 40
1.0
  9
$MAXACTVP
 70
64
  9
$MEASUREMENT
 70
0
  9
$MIRRTEXT
 70
0
  9
$PDMODE
 70
0
  9
$PDSIZE
 40
0.0
  0
ENDSEC
  0
SECTION
  2
TABLES
  0
TABLE
  2
VPORT
  5
8
100
AcDbSymbolTable
 70
1
  0
VPORT
  5
30
100
AcDbSymbolTableRecord
100
AcDbViewportTableRecord
  2
*Active
 70
0
 10
0.0
 20
0.0
 11
1.0
 21
1.0
 12
286.3055555555554861
 22
148.5
 13
0.0
 23
0.0
 14
10.0
 24
10.0
 15
10.0
 25
10.0
 16
0.0
 26
0.0
 36
1.0
 17
0.0
 27
0.0
 37
0.0
 40
297.0
 41
1.92798353909465
 42
50.0
 43
0.0
 44
0.0
 50
0.0
 51
0.0
 71
0
 72
100
 73
1
 74
3
 75
1
 76
1
 77
0
 78
0
281
0
 65
1
110
0.0
120
0.0
130
0.0
111
1.0
121
0.0
131
0.0
112
0.0
122
1.0
132
0.0
 79
0
146
0.0
  0
ENDTAB
  0
TABLE
  2
LTYPE
  5
5
100
AcDbSymbolTable
 70
41
  0
LTYPE
  5
16
100
AcDbSymbolTableRecord
100
AcDbLinetypeTableRecord
  2
Continuous
 70
0
  3
Solid line
 72
65
 73
0
 40
0.0
  0
LTYPE
  5
31
100
AcDbSymbolTableRecord
100
AcDbLinetypeTableRecord
  2
ACAD_ISO09W100
 70
0
  3
ISO long-dash double-short-dash ____ __ __ ____
 72
65
 73
6
 40
45.0
 49
24.0
 74
0
 49
-3.0
 74
0
 49
6.0
 74
0
 49
-3.0
 74
0
 49
6.0
 74
0
 49
-3.0
 74
0
  0
LTYPE
  5
32
100
AcDbSymbolTableRecord
100
AcDbLinetypeTableRecord
  2
DASHDOT2
 70
0
  3
Dash dot (.5x) _._._._._._._._._._._._._._._.
 72
65
 73
4
 40
0.5
 49
0.25
 74
0
 49
-0.075
 74
0
 49
0.1
 74
0
 49
-0.075
 74
0
  0
LTYPE
  5
33
100
AcDbSymbolTableRecord
100
AcDbLinetypeTableRecord
  2
HIDDEN
 70
0
  3
Hidden __ __ __ __ __ __ __ __ __ __ __ __ __ __
 72
65
 73
2
 40
0.375
 49
0.25
 74
0
 49
-0.125
 74
0
  0
LTYPE
  5
34
100
AcDbSymbolTableRecord
100
AcDbLinetypeTableRecord
  2
ACAD_ISO13W100
 70
0
  3
ISO double-dash double-dot __ __ . . __ __ . . _
 72
65
 73
8
 40
36.0000000000000071
 49
12.0
 74
0
 49
-3.0
 74
0
 49
12.0
 74
0
 49
-2.9500000000000002
 74
0
 49
0.1
 74
0
 49
-2.9000000000000004
 74
0
 49
0.1
 74
0
 49
-2.9500000000000002
 74
0
  0
LTYPE
  5
35
100
AcDbSymbolTableRecord
100
AcDbLinetypeTableRecord
  2
DOT2
 70
0
  3
Dot (.5x) ........................................
 72
65
 73
2
 40
0.125
 49
0.1
 74
0
 49
-0.025
 74
0
  0
LTYPE
  5
36
100
AcDbSymbolTableRecord
100
AcDbLinetypeTableRecord
  2
PHANTOM2
 70
0
  3
Phantom (.5x) ___ _ _ ___ _ _ ___ _ _ ___ _ _
 72
65
 73
6
 40
1.25
 49
0.625
 74
0
 49
-0.125
 74
0
 49
0.125
 74
0
 49
-0.125
 74
0
 49
0.125
 74
0
 49
-0.125
 74
0
  0
LTYPE
  5
37
100
AcDbSymbolTableRecord
100
AcDbLinetypeTableRecord
  2
BORDER
 70
0
  3
Border __ __ . __ __ . __ __ . __ __ . __ __ .
 72
65
 73
6
 40
1.75
 49
0.5
 74
0
 49
-0.25
 74
0
 49
0.5
 74
0
 49
-0.2
 74
0
 49
0.1
 74
0
 49
-0.2
 74
0
  0
LTYPE
  5
38
100
AcDbSymbolTableRecord
100
AcDbLinetypeTableRecord
  2
DIVIDE
 70
0
  3
Divide ____ . . ____ . . ____ . . ____ . . ____
 72
65
 73
6
 40
1.25
 49
0.5
 74
0
 49
-0.2
 74
0
 49
0.1
 74
0
 49
-0.15
 74
0
 49
0.1
 74
0
 49
-0.2
 74
0
  0
LTYPE
  5
39
100
AcDbSymbolTableRecord
100
AcDbLinetypeTableRecord
  2
DASHED
 70
0
  3
Dashed __ __ __ __ __ __ __ __ __ __ __ __ __ _
 72
65
 73
2
 40
0.75
 49
0.5
 74
0
 49
-0.25
 74
0
  0
LTYPE
  5
3A
100
AcDbSymbolTableRecord
100
AcDbLinetypeTableRecord
  2
ACAD_ISO05W100
 70
0
  3
ISO long-dash double-dot ____ .. ____ .. ____ . 
 72
65
 73
6
 40
33.0000000000000071
 49
24.0
 74
0
 49
-2.9500000000000002
 74
0
 49
0.1
 74
0
 49
-2.9000000000000004
 74
0
 49
0.1
 74
0
 49
-2.9500000000000002
 74
0
  0
LTYPE
  5
3B
100
AcDbSymbolTableRecord
100
AcDbLinetypeTableRecord
  2
ACAD_ISO04W100
 70
0
  3
ISO long-dash dot ____ . ____ . ____ . ____ . _
 72
65
 73
4
 40
30.0
 49
24.0
 74
0
 49
-2.9500000000000002
 74
0
 49
0.1
 74
0
 49
-2.9500000000000002
 74
0
  0
LTYPE
  5
3C
100
AcDbSymbolTableRecord
100
AcDbLinetypeTableRecord
  2
CENTERX2
 70
0
  3
Center (2x) ________  __  ________  __  _____
 72
65
 73
4
 40
4.0
 49
2.5
 74
0
 49
-0.5
 74
0
 49
0.5
 74
0
 49
-0.5
 74
0
  0
LTYPE
  5
3D
100
AcDbSymbolTableRecord
100
AcDbLinetypeTableRecord
  2
ACAD_ISO11W100
 70
0
  3
ISO double-dash dot __ __ . __ __ . __ __ . __ _
 72
65
 73
6
 40
33.0
 49
12.0
 74
0
 49
-3.0
 74
0
 49
12.0
 74
0
 49
-2.9500000000000002
 74
0
 49
0.1
 74
0
 49
-2.9500000000000002
 74
0
  0
LTYPE
  5
3E
100
AcDbSymbolTableRecord
100
AcDbLinetypeTableRecord
  2
DASHED2
 70
0
  3
Dashed (.5x) _ _ _ _ _ _ _ _ _ _ _ _ _ _ _ _ _ 
 72
65
 73
2
 40
0.375
 49
0.25
 74
0
 49
-0.125
 74
0
  0
LTYPE
  5
3F
100
AcDbSymbolTableRecord
100
AcDbLinetypeTableRecord
  2
DASHDOT
 70
0
  3
Dash dot __ . __ . __ . __ . __ . __ . __ . __
 72
65
 73
4
 40
1.0
 49
0.5
 74
0
 49
-0.2
 74
0
 49
0.1
 74
0
 49
-0.2
 74
0
  0
LTYPE
  5
40
100
AcDbSymbolTableRecord
100
AcDbLinetypeTableRecord
  2
ACAD_ISO15W100
 70
0
  3
ISO double-dash triple-dot __ __ . . . __ __ . .
 72
65
 73
10
 40
39.0000000000000071
 49
12.0
 74
0
 49
-3.0
 74
0
 49
12.0
 74
0
 49
-2.9500000000000002
 74
0
 49
0.1
 74
0
 49
-2.9000000000000004
 74
0
 49
0.1
 74
0
 49
-2.9000000000000004
 74
0
 49
0.1
 74
0
 49
-2.9500000000000002
 74
0
  0
LTYPE
  5
41
100
AcDbSymbolTableRecord
100
AcDbLinetypeTableRecord
  2
DASHEDX2
 70
0
  3
Dashed (2x) ____  ____  ____  ____  ____  ___
 72
65
 73
2
 40
1.5
 49
1.0
 74
0
 49
-0.5
 74
0
  0
LTYPE
  5
42
100
AcDbSymbolTableRecord
100
AcDbLinetypeTableRecord
  2
DOT
 70
0
  3
Dot . . . . . . . . . . . . . . . . . . . . . . . .
 72
65
 73
2
 40
0.25
 49
0.1
 74
0
 49
-0.15
 74
0
  0
LTYPE
  5
43
100
AcDbSymbolTableRecord
100
AcDbLinetypeTableRecord
  2
BORDERX2
 70
0
  3
Border (2x) ____  ____  .  ____  ____  .  ___
 72
65
 73
6
 40
3.5000000000000004
 49
1.0
 74
0
 49
-0.5
 74
0
 49
1.0
 74
0
 49
-0.45
 74
0
 49
0.1
 74
0
 49
-0.45
 74
0
  0
LTYPE
  5
44
100
AcDbSymbolTableRecord
100
AcDbLinetypeTableRecord
  2
CENTER2
 70
0
  3
Center (.5x) ___ _ ___ _ ___ _ ___ _ ___ _ ___
 72
65
 73
4
 40
1.125
 49
0.75
 74
0
 49
-0.125
 74
0
 49
0.125
 74
0
 49
-0.125
 74
0
  0
LTYPE
  5
45
100
AcDbSymbolTableRecord
100
AcDbLinetypeTableRecord
  2
ACAD_ISO07W100
 70
0
  3
ISO dot . . . . . . . . . . . . . . . . . . . . 
 72
65
 73
2
 40
3.0
 49
0.1
 74
0
 49
-2.8999999999999999
 74
0
  0
LTYPE
  5
46
100
AcDbSymbolTableRecord
100
AcDbLinetypeTableRecord
  2
DIVIDEX2
 70
0
  3
Divide (2x) ________  .  .  ________  .  .  _
 72
65
 73
6
 40
2.5000000000000004
 49
1.0
 74
0
 49
-0.45
 74
0
 49
0.1
 74
0
 49
-0.4
 74
0
 49
0.1
 74
0
 49
-0.45
 74
0
  0
LTYPE
  5
47
100
AcDbSymbolTableRecord
100
AcDbLinetypeTableRecord
  2
ACAD_ISO08W100
 70
0
  3
ISO long-dash short-dash ____ __ ____ __ ____ _
 72
65
 73
4
 40
36.0
 49
24.0
 74
0
 49
-3.0
 74
0
 49
6.0
 74
0
 49
-3.0
 74
0
  0
LTYPE
  5
48
100
AcDbSymbolTableRecord
100
AcDbLinetypeTableRecord
  2
DOTX2
 70
0
  3
Dot (2x) .  .  .  .  .  .  .  .  .  .  .  .  .  .
 72
65
 73
2
 40
0.5
 49
0.1
 74
0
 49
-0.4
 74
0
  0
LTYPE
  5
49
100
AcDbSymbolTableRecord
100
AcDbLinetypeTableRecord
  2
DIVIDE2
 70
0
  3
Divide (.5x) __..__..__..__..__..__..__..__.._
 72
65
 73
6
 40
0.625
 49
0.25
 74
0
 49
-0.075
 74
0
 49
0.1
 74
0
 49
-0.025
 74
0
 49
0.1
 74
0
 49
-0.075
 74
0
  0
LTYPE
  5
4A
100
AcDbSymbolTableRecord
100
AcDbLinetypeTableRecord
  2
ACAD_ISO03W100
 70
0
  3
ISO dash space __    __    __    __    __    __
 72
65
 73
2
 40
30.0
 49
12.0
 74
0
 49
-18.0
 74
0
  0
LTYPE
  5
4B
100
AcDbSymbolTableRecord
100
AcDbLinetypeTableRecord
  2
BORDER2
 70
0
  3
Border (.5x) __.__.__.__.__.__.__.__.__.__.__.
 72
65
 73
6
 40
0.8749999999999999
 49
0.25
 74
0
 49
-0.125
 74
0
 49
0.25
 74
0
 49
-0.075
 74
0
 49
0.1
 74
0
 49
-0.075
 74
0
  0
LTYPE
  5
4C
100
AcDbSymbolTableRecord
100
AcDbLinetypeTableRecord
  2
HIDDENX2
 70
0
  3
Hidden (2x) ____ ____ ____ ____ ____ ____ ____ 
 72
65
 73
2
 40
0.75
 49
0.5
 74
0
 49
-0.25
 74
0
  0
LTYPE
  5
4D
100
AcDbSymbolTableRecord
100
AcDbLinetypeTableRecord
  2
ACAD_ISO14W100
 70
0
  3
ISO dash triple-dot __ . . . __ . . . __ . . . _
 72
65
 73
8
 40
24.0000000000000036
 49
12.0
 74
0
 49
-2.9500000000000002
 74
0
 49
0.1
 74
0
 49
-2.9000000000000004
 74
0
 49
0.1
 74
0
 49
-2.9000000000000004
 74
0
 49
0.1
 74
0
 49
-2.9500000000000002
 74
0
  0
LTYPE
  5
15
100
AcDbSymbolTableRecord
100
AcDbLinetypeTableRecord
  2
BYLAYER
 70
0
  3

 72
65
 73
0
 40
0.0
  0
LTYPE
  5
4E
100
AcDbSymbolTableRecord
100
AcDbLinetypeTableRecord
  2
ACAD_ISO06W100
 70
0
  3
ISO long-dash triple-dot ____ ... ____ ... ____
 72
65
 73
8
 40
36.0000000000000071
 49
24.0
 74
0
 49
-2.9500000000000002
 74
0
 49
0.1
 74
0
 49
-2.9000000000000004
 74
0
 49
0.1
 74
0
 49
-2.9000000000000004
 74
0
 49
0.1
 74
0
 49
-2.9500000000000002
 74
0
  0
LTYPE
  5
14
100
AcDbSymbolTableRecord
100
AcDbLinetypeTableRecord
  2
BYBLOCK
 70
0
  3

 72
65
 73
0
 40
0.0
  0
LTYPE
  5
4F
100
AcDbSymbolTableRecord
100
AcDbLinetypeTableRecord
  2
ACAD_ISO10W100
 70
0
  3
ISO dash dot __ . __ . __ . __ . __ . __ . __ . 
 72
65
 73
4
 40
18.0
 49
12.0
 74
0
 49
-2.9500000000000002
 74
0
 49
0.1
 74
0
 49
-2.9500000000000002
 74
0
  0
LTYPE
  5
50
100
AcDbSymbolTableRecord
100
AcDbLinetypeTableRecord
  2
PHANTOM
 70
0
  3
Phantom ______  __  __  ______  __  __  ______ 
 72
65
 73
6
 40
2.5
 49
1.25
 74
0
 49
-0.25
 74
0
 49
0.25
 74
0
 49
-0.25
 74
0
 49
0.25
 74
0
 49
-0.25
 74
0
  0
LTYPE
  5
51
100
AcDbSymbolTableRecord
100
AcDbLinetypeTableRecord
  2
DASHDOTX2
 70
0
  3
Dash dot (2x) ____  .  ____  .  ____  .  ___
 72
65
 73
4
 40
2.0
 49
1.0
 74
0
 49
-0.45
 74
0
 49
0.1
 74
0
 49
-0.45
 74
0
  0
LTYPE
  5
52
100
AcDbSymbolTableRecord
100
AcDbLinetypeTableRecord
  2
ACAD_ISO02W100
 70
0
  3
ISO dash __ __ __ __ __ __ __ __ __ __ __ __ __
 72
65
 73
2
 40
15.0
 49
12.0
 74
0
 49
-3.0
 74
0
  0
LTYPE
  5
53
100
AcDbSymbolTableRecord
100
AcDbLinetypeTableRecord
  2
CENTER
 70
0
  3
Center ____ _ ____ _ ____ _ ____ _ ____ _ ____
 72
65
 73
4
 40
2.0
 49
1.25
 74
0
 49
-0.25
 74
0
 49
0.25
 74
0
 49
-0.25
 74
0
  0
LTYPE
  5
54
100
AcDbSymbolTableRecord
100
AcDbLinetypeTableRecord
  2
HIDDEN2
 70
0
  3
Hidden (.5x) _ _ _ _ _ _ _ _ _ _ _ _ _ _ _ _ _ 
 72
65
 73
2
 40
0.1875
 49
0.125
 74
0
 49
-0.0625
 74
0
  0
LTYPE
  5
55
100
AcDbSymbolTableRecord
100
AcDbLinetypeTableRecord
  2
PHANTOMX2
 70
0
  3
Phantom (2x) ____________    ____    ____   _
 72
65
 73
6
 40
5.0
 49
2.5
 74
0
 49
-0.5
 74
0
 49
0.5
 74
0
 49
-0.5
 74
0
 49
0.5
 74
0
 49
-0.5
 74
0
  0
LTYPE
  5
56
100
AcDbSymbolTableRecord
100
AcDbLinetypeTableRecord
  2
ACAD_ISO12W100
 70
0
  3
ISO dash double-dot __ . . __ . . __ . . __ . . 
 72
65
 73
6
 40
21.0
 49
12.0
 74
0
 49
-2.9500000000000002
 74
0
 49
0.1
 74
0
 49
-2.9000000000000004
 74
0
 49
0.1
 74
0
 49
-2.9500000000000002
 74
0
  0
ENDTAB
  0
TABLE
  2
LAYER
  5
2
100
AcDbSymbolTable
 70
1
  0
LAYER
  5
10
100
AcDbSymbolTableRecord
100
AcDbLayerTableRecord
  2
0
 70
0
 62
7
420
16777215
  6
Continuous
370
25
390
F
  0
ENDTAB
  0
TABLE
  2
STYLE
  5
3
100
AcDbSymbolTable
 70
156
  0
STYLE
  5
57
100
AcDbSymbolTableRecord
100
AcDbTextStyleTableRecord
  2
Standard
 70
0
 40
0.0
 41
1.0
 50
0.0
 71
0
 42
2.5
  3

  4

1001
ACAD
1000
txt
1071
0
  0
STYLE
  5
58
100
AcDbSymbolTableRecord
100
AcDbTextStyleTableRecord
  2
textstyle0
 70
0
 40
0.0
 41
1.0
 50
0.0
 71
0
 42
1.0
  3

  4

1001
ACAD
1000
Liberation Sans
1071
0
  0
STYLE
  5
59
100
AcDbSymbolTableRecord
100
AcDbTextStyleTableRecord
  2
textstyle1
 70
0
 40
0.0
 41
1.0
 50
0.0
 71
0
 42
1.0
  3

  4

1001
ACAD
1000
Liberation Sans
1071
0
  0
STYLE
  5
5A
100
AcDbSymbolTableRecord
100
AcDbTextStyleTableRecord
  2
textstyle2
 70
0
 40
0.0
 41
1.0
 50
0.0
 71
0
 42
1.0
  3

  4

1001
ACAD
1000
Liberation Sans
1071
0
  0
STYLE
  5
5B
100
AcDbSymbolTableRecord
100
AcDbTextStyleTableRecord
  2
textstyle3
 70
0
 40
0.0
 41
1.0
 50
0.0
 71
0
 42
1.0
  3

  4

1001
ACAD
1000
Liberation Sans
1071
0
  0
STYLE
  5
5C
100
AcDbSymbolTableRecord
100
AcDbTextStyleTableRecord
  2
textstyle4
 70
0
 40
0.0
 41
1.0
 50
0.0
 71
0
 42
1.0
  3

  4

1001
ACAD
1000
Liberation Sans
1071
0
  0
STYLE
  5
5D
100
AcDbSymbolTableRecord
100
AcDbTextStyleTableRecord
  2
textstyle5
 70
0
 40
0.0
 41
1.0
 50
0.0
 71
0
 42
1.0
  3

  4

1001
ACAD
1000
Liberation Sans
1071
0
  0
STYLE
  5
5E
100
AcDbSymbolTableRecord
100
AcDbTextStyleTableRecord
  2
textstyle6
 70
0
 40
0.0
 41
1.0
 50
0.0
 71
0
 42
1.0
  3

  4

1001
ACAD
1000
Liberation Sans
1071
0
  0
STYLE
  5
5F
100
AcDbSymbolTableRecord
100
AcDbTextStyleTableRecord
  2
textstyle7
 70
0
 40
0.0
 41
1.0
 50
0.0
 71
0
 42
1.0
  3

  4

1001
ACAD
1000
Liberation Sans
1071
0
  0
STYLE
  5
60
100
AcDbSymbolTableRecord
100
AcDbTextStyleTableRecord
  2
textstyle8
 70
0
 40
0.0
 41
1.0
 50
0.0
 71
0
 42
1.0
  3

  4

1001
ACAD
1000
Liberation Sans
1071
0
  0
STYLE
  5
61
100
AcDbSymbolTableRecord
100
AcDbTextStyleTableRecord
  2
textstyle9
 70
0
 40
0.0
 41
1.0
 50
0.0
 71
0
 42
1.0
  3

  4

1001
ACAD
1000
Liberation Sans
1071
0
  0
STYLE
  5
62
100
AcDbSymbolTableRecord
100
AcDbTextStyleTableRecord
  2
textstyle10
 70
0
 40
0.0
 41
1.0
 50
0.0
 71
0
 42
1.0
  3

  4

1001
ACAD
1000
Liberation Sans
1071
0
  0
STYLE
  5
63
100
AcDbSymbolTableRecord
100
AcDbTextStyleTableRecord
  2
textstyle11
 70
0
 40
0.0
 41
1.0
 50
0.0
 71
0
 42
1.0
  3

  4

1001
ACAD
1000
Liberation Sans
1071
0
  0
STYLE
  5
64
100
AcDbSymbolTableRecord
100
AcDbTextStyleTableRecord
  2
textstyle12
 70
0
 40
0.0
 41
1.0
 50
0.0
 71
0
 42
1.0
  3

  4

1001
ACAD
1000
Liberation Sans
1071
0
  0
STYLE
  5
65
100
AcDbSymbolTableRecord
100
AcDbTextStyleTableRecord
  2
textstyle13
 70
0
 40
0.0
 41
1.0
 50
0.0
 71
0
 42
1.0
  3

  4

1001
ACAD
1000
Liberation Sans
1071
0
  0
STYLE
  5
66
100
AcDbSymbolTableRecord
100
AcDbTextStyleTableRecord
  2
textstyle14
 70
0
 40
0.0
 41
1.0
 50
0.0
 71
0
 42
1.0
  3

  4

1001
ACAD
1000
Liberation Sans
1071
0
  0
STYLE
  5
67
100
AcDbSymbolTableRecord
100
AcDbTextStyleTableRecord
  2
textstyle15
 70
0
 40
0.0
 41
1.0
 50
0.0
 71
0
 42
1.0
  3

  4

1001
ACAD
1000
Liberation Sans
1071
0
  0
STYLE
  5
68
100
AcDbSymbolTableRecord
100
AcDbTextStyleTableRecord
  2
textstyle16
 70
0
 40
0.0
 41
1.0
 50
0.0
 71
0
 42
1.0
  3

  4

1001
ACAD
1000
Liberation Sans
1071
0
  0
STYLE
  5
69
100
AcDbSymbolTableRecord
100
AcDbTextStyleTableRecord
  2
textstyle17
 70
0
 40
0.0
 41
1.0
 50
0.0
 71
0
 42
1.0
  3

  4

1001
ACAD
1000
Liberation Sans
1071
0
  0
STYLE
  5
6A
100
AcDbSymbolTableRecord
100
AcDbTextStyleTableRecord
  2
textstyle18
 70
0
 40
0.0
 41
1.0
 50
0.0
 71
0
 42
1.0
  3

  4

1001
ACAD
1000
Liberation Sans
1071
0
  0
STYLE
  5
6B
100
AcDbSymbolTableRecord
100
AcDbTextStyleTableRecord
  2
textstyle19
 70
0
 40
0.0
 41
1.0
 50
0.0
 71
0
 42
1.0
  3

  4

1001
ACAD
1000
Liberation Sans
1071
0
  0
STYLE
  5
6C
100
AcDbSymbolTableRecord
100
AcDbTextStyleTableRecord
  2
textstyle20
 70
0
 40
0.0
 41
1.0
 50
0.0
 71
0
 42
1.0
  3

  4

1001
ACAD
1000
Liberation Sans
1071
0
  0
STYLE
  5
6D
100
AcDbSymbolTableRecord
100
AcDbTextStyleTableRecord
  2
textstyle21
 70
0
 40
0.0
 41
1.0
 50
0.0
 71
0
 42
1.0
  3

  4

1001
ACAD
1000
Liberation Sans
1071
0
  0
STYLE
  5
6E
100
AcDbSymbolTableRecord
100
AcDbTextStyleTableRecord
  2
textstyle22
 70
0
 40
0.0
 41
1.0
 50
0.0
 71
0
 42
1.0
  3

  4

1001
ACAD
1000
Liberation Sans
1071
0
  0
STYLE
  5
6F
100
AcDbSymbolTableRecord
100
AcDbTextStyleTableRecord
  2
textstyle23
 70
0
 40
0.0
 41
1.0
 50
0.0
 71
0
 42
1.0
  3

  4

1001
ACAD
1000
Liberation Sans
1071
0
  0
STYLE
  5
70
100
AcDbSymbolTableRecord
100
AcDbTextStyleTableRecord
  2
textstyle24
 70
0
 40
0.0
 41
1.0
 50
0.0
 71
0
 42
1.0
  3

  4

1001
ACAD
1000
Liberation Sans
1071
0
  0
STYLE
  5
71
100
AcDbSymbolTableRecord
100
AcDbTextStyleTableRecord
  2
textstyle25
 70
0
 40
0.0
 41
1.0
 50
0.0
 71
0
 42
1.0
  3

  4

1001
ACAD
1000
Liberation Sans
1071
0
  0
STYLE
  5
72
100
AcDbSymbolTableRecord
100
AcDbTextStyleTableRecord
  2
textstyle26
 70
0
 40
0.0
 41
1.0
 50
0.0
 71
0
 42
1.0
  3

  4

1001
ACAD
1000
Liberation Sans
1071
0
  0
STYLE
  5
73
100
AcDbSymbolTableRecord
100
AcDbTextStyleTableRecord
  2
textstyle27
 70
0
 40
0.0
 41
1.0
 50
0.0
 71
0
 42
1.0
  3

  4

1001
ACAD
1000
Liberation Sans
1071
0
  0
STYLE
  5
74
100
AcDbSymbolTableRecord
100
AcDbTextStyleTableRecord
  2
textstyle28
 70
0
 40
0.0
 41
1.0
 50
0.0
 71
0
 42
1.0
  3

  4

1001
ACAD
1000
Liberation Sans
1071
0
  0
STYLE
  5
75
100
AcDbSymbolTableRecord
100
AcDbTextStyleTableRecord
  2
textstyle29
 70
0
 40
0.0
 41
1.0
 50
0.0
 71
0
 42
1.0
  3

  4

1001
ACAD
1000
Liberation Sans
1071
0
  0
STYLE
  5
76
100
AcDbSymbolTableRecord
100
AcDbTextStyleTableRecord
  2
textstyle30
 70
0
 40
0.0
 41
1.0
 50
0.0
 71
0
 42
1.0
  3

  4

1001
ACAD
1000
Liberation Sans
1071
0
  0
STYLE
  5
77
100
AcDbSymbolTableRecord
100
AcDbTextStyleTableRecord
  2
textstyle31
 70
0
 40
0.0
 41
1.0
 50
0.0
 71
0
 42
1.0
  3

  4

1001
ACAD
1000
Liberation Sans
1071
0
  0
STYLE
  5
78
100
AcDbSymbolTableRecord
100
AcDbTextStyleTableRecord
  2
textstyle32
 70
0
 40
0.0
 41
1.0
 50
0.0
 71
0
 42
1.0
  3

  4

1001
ACAD
1000
Liberation Sans
1071
0
  0
STYLE
  5
79
100
AcDbSymbolTableRecord
100
AcDbTextStyleTableRecord
  2
textstyle33
 70
0
 40
0.0
 41
1.0
 50
0.0
 71
0
 42
1.0
  3

  4

1001
ACAD
1000
Liberation Sans
1071
0
  0
STYLE
  5
7A
100
AcDbSymbolTableRecord
100
AcDbTextStyleTableRecord
  2
textstyle34
 70
0
 40
0.0
 41
1.0
 50
0.0
 71
0
 42
1.0
  3

  4

1001
ACAD
1000
Liberation Sans
1071
0
  0
STYLE
  5
7B
100
AcDbSymbolTableRecord
100
AcDbTextStyleTableRecord
  2
textstyle35
 70
0
 40
0.0
 41
1.0
 50
0.0
 71
0
 42
1.0
  3

  4

1001
ACAD
1000
Liberation Sans
1071
0
  0
STYLE
  5
7C
100
AcDbSymbolTableRecord
100
AcDbTextStyleTableRecord
  2
textstyle36
 70
0
 40
0.0
 41
1.0
 50
0.0
 71
0
 42
1.0
  3

  4

1001
ACAD
1000
Liberation Sans
1071
0
  0
STYLE
  5
7D
100
AcDbSymbolTableRecord
100
AcDbTextStyleTableRecord
  2
textstyle37
 70
0
 40
0.0
 41
1.0
 50
0.0
 71
0
 42
1.0
  3

  4

1001
ACAD
1000
Liberation Sans
1071
0
  0
STYLE
  5
7E
100
AcDbSymbolTableRecord
100
AcDbTextStyleTableRecord
  2
textstyle38
 70
0
 40
0.0
 41
1.0
 50
0.0
 71
0
 42
1.0
  3

  4

1001
ACAD
1000
Liberation Sans
1071
0
  0
STYLE
  5
7F
100
AcDbSymbolTableRecord
100
AcDbTextStyleTableRecord
  2
textstyle39
 70
0
 40
0.0
 41
1.0
 50
0.0
 71
0
 42
1.0
  3

  4

1001
ACAD
1000
Liberation Sans
1071
0
  0
STYLE
  5
80
100
AcDbSymbolTableRecord
100
AcDbTextStyleTableRecord
  2
textstyle40
 70
0
 40
0.0
 41
1.0
 50
0.0
 71
0
 42
1.0
  3

  4

1001
ACAD
1000
Liberation Sans
1071
0
  0
STYLE
  5
81
100
AcDbSymbolTableRecord
100
AcDbTextStyleTableRecord
  2
textstyle41
 70
0
 40
0.0
 41
1.0
 50
0.0
 71
0
 42
1.0
  3

  4

1001
ACAD
1000
Liberation Sans
1071
0
  0
STYLE
  5
82
100
AcDbSymbolTableRecord
100
AcDbTextStyleTableRecord
  2
textstyle42
 70
0
 40
0.0
 41
1.0
 50
0.0
 71
0
 42
1.0
  3

  4

1001
ACAD
1000
Liberation Sans
1071
0
  0
STYLE
  5
83
100
AcDbSymbolTableRecord
100
AcDbTextStyleTableRecord
  2
textstyle43
 70
0
 40
0.0
 41
1.0
 50
0.0
 71
0
 42
1.0
  3

  4

1001
ACAD
1000
Liberation Sans
1071
0
  0
STYLE
  5
84
100
AcDbSymbolTableRecord
100
AcDbTextStyleTableRecord
  2
textstyle44
 70
0
 40
0.0
 41
1.0
 50
0.0
 71
0
 42
1.0
  3

  4

1001
ACAD
1000
Liberation Sans
1071
0
  0
STYLE
  5
85
100
AcDbSymbolTableRecord
100
AcDbTextStyleTableRecord
  2
textstyle45
 70
0
 40
0.0
 41
1.0
 50
0.0
 71
0
 42
1.0
  3

  4

1001
ACAD
1000
Liberation Sans
1071
0
  0
STYLE
  5
86
100
AcDbSymbolTableRecord
100
AcDbTextStyleTableRecord
  2
textstyle46
 70
0
 40
0.0
 41
1.0
 50
0.0
 71
0
 42
1.0
  3

  4

1001
ACAD
1000
Liberation Sans
1071
0
  0
STYLE
  5
87
100
AcDbSymbolTableRecord
100
AcDbTextStyleTableRecord
  2
textstyle47
 70
0
 40
0.0
 41
1.0
 50
0.0
 71
0
 42
1.0
  3

  4

1001
ACAD
1000
Liberation Sans
1071
0
  0
STYLE
  5
88
100
AcDbSymbolTableRecord
100
AcDbTextStyleTableRecord
  2
textstyle48
 70
0
 40
0.0
 41
1.0
 50
0.0
 71
0
 42
1.0
  3

  4

1001
ACAD
1000
Liberation Sans
1071
0
  0
STYLE
  5
89
100
AcDbSymbolTableRecord
100
AcDbTextStyleTableRecord
  2
textstyle49
 70
0
 40
0.0
 41
1.0
 50
0.0
 71
0
 42
1.0
  3

  4

1001
ACAD
1000
Liberation Sans
1071
0
  0
STYLE
  5
8A
100
AcDbSymbolTableRecord
100
AcDbTextStyleTableRecord
  2
textstyle50
 70
0
 40
0.0
 41
1.0
 50
0.0
 71
0
 42
1.0
  3

  4

1001
ACAD
1000
Liberation Sans
1071
0
  0
STYLE
  5
8B
100
AcDbSymbolTableRecord
100
AcDbTextStyleTableRecord
  2
textstyle51
 70
0
 40
0.0
 41
1.0
 50
0.0
 71
0
 42
1.0
  3

  4

1001
ACAD
1000
Liberation Sans
1071
0
  0
STYLE
  5
8C
100
AcDbSymbolTableRecord
100
AcDbTextStyleTableRecord
  2
textstyle52
 70
0
 40
0.0
 41
1.0
 50
0.0
 71
0
 42
1.0
  3

  4

1001
ACAD
1000
Liberation Sans
1071
0
  0
STYLE
  5
8D
100
AcDbSymbolTableRecord
100
AcDbTextStyleTableRecord
  2
textstyle53
 70
0
 40
0.0
 41
1.0
 50
0.0
 71
0
 42
1.0
  3

  4

1001
ACAD
1000
Liberation Sans
1071
0
  0
STYLE
  5
8E
100
AcDbSymbolTableRecord
100
AcDbTextStyleTableRecord
  2
textstyle54
 70
0
 40
0.0
 41
1.0
 50
0.0
 71
0
 42
1.0
  3

  4

1001
ACAD
1000
Liberation Sans
1071
0
  0
STYLE
  5
8F
100
AcDbSymbolTableRecord
100
AcDbTextStyleTableRecord
  2
textstyle55
 70
0
 40
0.0
 41
1.0
 50
0.0
 71
0
 42
1.0
  3

  4

1001
ACAD
1000
Liberation Sans
1071
0
  0
STYLE
  5
90
100
AcDbSymbolTableRecord
100
AcDbTextStyleTableRecord
  2
textstyle56
 70
0
 40
0.0
 41
1.0
 50
0.0
 71
0
 42
1.0
  3

  4

1001
ACAD
1000
Liberation Sans
1071
0
  0
STYLE
  5
91
100
AcDbSymbolTableRecord
100
AcDbTextStyleTableRecord
  2
textstyle57
 70
0
 40
0.0
 41
1.0
 50
0.0
 71
0
 42
1.0
  3

  4

1001
ACAD
1000
Liberation Sans
1071
0
  0
STYLE
  5
92
100
AcDbSymbolTableRecord
100
AcDbTextStyleTableRecord
  2
textstyle58
 70
0
 40
0.0
 41
1.0
 50
0.0
 71
0
 42
1.0
  3

  4

1001
ACAD
1000
Liberation Sans
1071
0
  0
STYLE
  5
93
100
AcDbSymbolTableRecord
100
AcDbTextStyleTableRecord
  2
textstyle59
 70
0
 40
0.0
 41
1.0
 50
0.0
 71
0
 42
1.0
  3

  4

1001
ACAD
1000
Liberation Sans
1071
0
  0
STYLE
  5
94
100
AcDbSymbolTableRecord
100
AcDbTextStyleTableRecord
  2
textstyle60
 70
0
 40
0.0
 41
1.0
 50
0.0
 71
0
 42
1.0
  3

  4

1001
ACAD
1000
Liberation Sans
1071
0
  0
STYLE
  5
95
100
AcDbSymbolTableRecord
100
AcDbTextStyleTableRecord
  2
textstyle61
 70
0
 40
0.0
 41
1.0
 50
0.0
 71
0
 42
1.0
  3

  4

1001
ACAD
1000
Liberation Sans
1071
0
  0
STYLE
  5
96
100
AcDbSymbolTableRecord
100
AcDbTextStyleTableRecord
  2
textstyle62
 70
0
 40
0.0
 41
1.0
 50
0.0
 71
0
 42
1.0
  3

  4

1001
ACAD
1000
Liberation Sans
1071
0
  0
STYLE
  5
97
100
AcDbSymbolTableRecord
100
AcDbTextStyleTableRecord
  2
textstyle63
 70
0
 40
0.0
 41
1.0
 50
0.0
 71
0
 42
1.0
  3

  4

1001
ACAD
1000
Liberation Sans
1071
0
  0
STYLE
  5
98
100
AcDbSymbolTableRecord
100
AcDbTextStyleTableRecord
  2
textstyle64
 70
0
 40
0.0
 41
1.0
 50
0.0
 71
0
 42
1.0
  3

  4

1001
ACAD
1000
Liberation Sans
1071
0
  0
STYLE
  5
99
100
AcDbSymbolTableRecord
100
AcDbTextStyleTableRecord
  2
textstyle65
 70
0
 40
0.0
 41
1.0
 50
0.0
 71
0
 42
1.0
  3

  4

1001
ACAD
1000
Liberation Sans
1071
0
  0
STYLE
  5
9A
100
AcDbSymbolTableRecord
100
AcDbTextStyleTableRecord
  2
textstyle66
 70
0
 40
0.0
 41
1.0
 50
0.0
 71
0
 42
1.0
  3

  4

1001
ACAD
1000
Liberation Sans
1071
0
  0
STYLE
  5
9B
100
AcDbSymbolTableRecord
100
AcDbTextStyleTableRecord
  2
textstyle67
 70
0
 40
0.0
 41
1.0
 50
0.0
 71
0
 42
1.0
  3

  4

1001
ACAD
1000
Liberation Sans
1071
0
  0
STYLE
  5
9C
100
AcDbSymbolTableRecord
100
AcDbTextStyleTableRecord
  2
textstyle68
 70
0
 40
0.0
 41
1.0
 50
0.0
 71
0
 42
1.0
  3

  4

1001
ACAD
1000
Liberation Sans
1071
0
  0
STYLE
  5
9D
100
AcDbSymbolTableRecord
100
AcDbTextStyleTableRecord
  2
textstyle69
 70
0
 40
0.0
 41
1.0
 50
0.0
 71
0
 42
1.0
  3

  4

1001
ACAD
1000
Liberation Sans
1071
0
  0
STYLE
  5
9E
100
AcDbSymbolTableRecord
100
AcDbTextStyleTableRecord
  2
textstyle70
 70
0
 40
0.0
 41
1.0
 50
0.0
 71
0
 42
1.0
  3

  4

1001
ACAD
1000
Liberation Sans
1071
0
  0
STYLE
  5
9F
100
AcDbSymbolTableRecord
100
AcDbTextStyleTableRecord
  2
textstyle71
 70
0
 40
0.0
 41
1.0
 50
0.0
 71
0
 42
1.0
  3

  4

1001
ACAD
1000
Liberation Sans
1071
0
  0
STYLE
  5
A0
100
AcDbSymbolTableRecord
100
AcDbTextStyleTableRecord
  2
textstyle72
 70
0
 40
0.0
 41
1.0
 50
0.0
 71
0
 42
1.0
  3

  4

1001
ACAD
1000
Liberation Sans
1071
0
  0
STYLE
  5
A1
100
AcDbSymbolTableRecord
100
AcDbTextStyleTableRecord
  2
textstyle73
 70
0
 40
0.0
 41
1.0
 50
0.0
 71
0
 42
1.0
  3

  4

1001
ACAD
1000
Liberation Sans
1071
0
  0
STYLE
  5
A2
100
AcDbSymbolTableRecord
100
AcDbTextStyleTableRecord
  2
textstyle74
 70
0
 40
0.0
 41
1.0
 50
0.0
 71
0
 42
1.0
  3

  4

1001
ACAD
1000
Liberation Sans
1071
0
  0
STYLE
  5
A3
100
AcDbSymbolTableRecord
100
AcDbTextStyleTableRecord
  2
textstyle75
 70
0
 40
0.0
 41
1.0
 50
0.0
 71
0
 42
1.0
  3

  4

1001
ACAD
1000
Liberation Sans
1071
0
  0
STYLE
  5
A4
100
AcDbSymbolTableRecord
100
AcDbTextStyleTableRecord
  2
textstyle76
 70
0
 40
0.0
 41
1.0
 50
0.0
 71
0
 42
1.0
  3

  4

1001
ACAD
1000
Liberation Sans
1071
0
  0
STYLE
  5
A5
100
AcDbSymbolTableRecord
100
AcDbTextStyleTableRecord
  2
textstyle77
 70
0
 40
0.0
 41
1.0
 50
0.0
 71
0
 42
1.0
  3

  4

1001
ACAD
1000
Liberation Sans
1071
0
  0
STYLE
  5
A6
100
AcDbSymbolTableRecord
100
AcDbTextStyleTableRecord
  2
textstyle78
 70
0
 40
0.0
 41
1.0
 50
0.0
 71
0
 42
1.0
  3

  4

1001
ACAD
1000
Liberation Sans
1071
0
  0
STYLE
  5
A7
100
AcDbSymbolTableRecord
100
AcDbTextStyleTableRecord
  2
textstyle79
 70
0
 40
0.0
 41
1.0
 50
0.0
 71
0
 42
1.0
  3

  4

1001
ACAD
1000
Liberation Sans
1071
0
  0
STYLE
  5
A8
100
AcDbSymbolTableRecord
100
AcDbTextStyleTableRecord
  2
textstyle80
 70
0
 40
0.0
 41
1.0
 50
0.0
 71
0
 42
1.0
  3

  4

1001
ACAD
1000
Liberation Sans
1071
0
  0
STYLE
  5
A9
100
AcDbSymbolTableRecord
100
AcDbTextStyleTableRecord
  2
textstyle81
 70
0
 40
0.0
 41
1.0
 50
0.0
 71
0
 42
1.0
  3

  4

1001
ACAD
1000
Liberation Sans
1071
0
  0
STYLE
  5
AA
100
AcDbSymbolTableRecord
100
AcDbTextStyleTableRecord
  2
textstyle82
 70
0
 40
0.0
 41
1.0
 50
0.0
 71
0
 42
1.0
  3

  4

1001
ACAD
1000
Liberation Sans
1071
0
  0
STYLE
  5
AB
100
AcDbSymbolTableRecord
100
AcDbTextStyleTableRecord
  2
textstyle83
 70
0
 40
0.0
 41
1.0
 50
0.0
 71
0
 42
1.0
  3

  4

1001
ACAD
1000
Liberation Sans
1071
0
  0
STYLE
  5
AC
100
AcDbSymbolTableRecord
100
AcDbTextStyleTableRecord
  2
textstyle84
 70
0
 40
0.0
 41
1.0
 50
0.0
 71
0
 42
1.0
  3

  4

1001
ACAD
1000
Liberation Sans
1071
0
  0
STYLE
  5
AD
100
AcDbSymbolTableRecord
100
AcDbTextStyleTableRecord
  2
textstyle85
 70
0
 40
0.0
 41
1.0
 50
0.0
 71
0
 42
1.0
  3

  4

1001
ACAD
1000
Liberation Sans
1071
0
  0
STYLE
  5
AE
100
AcDbSymbolTableRecord
100
AcDbTextStyleTableRecord
  2
textstyle86
 70
0
 40
0.0
 41
1.0
 50
0.0
 71
0
 42
1.0
  3

  4

1001
ACAD
1000
Liberation Sans
1071
0
  0
STYLE
  5
AF
100
AcDbSymbolTableRecord
100
AcDbTextStyleTableRecord
  2
textstyle87
 70
0
 40
0.0
 41
1.0
 50
0.0
 71
0
 42
1.0
  3

  4

1001
ACAD
1000
Liberation Sans
1071
0
  0
STYLE
  5
B0
100
AcDbSymbolTableRecord
100
AcDbTextStyleTableRecord
  2
textstyle88
 70
0
 40
0.0
 41
1.0
 50
0.0
 71
0
 42
1.0
  3

  4

1001
ACAD
1000
Liberation Sans
1071
0
  0
STYLE
  5
B1
100
AcDbSymbolTableRecord
100
AcDbTextStyleTableRecord
  2
textstyle89
 70
0
 40
0.0
 41
1.0
 50
0.0
 71
0
 42
1.0
  3

  4

1001
ACAD
1000
Liberation Sans
1071
0
  0
STYLE
  5
B2
100
AcDbSymbolTableRecord
100
AcDbTextStyleTableRecord
  2
textstyle90
 70
0
 40
0.0
 41
1.0
 50
0.0
 71
0
 42
1.0
  3

  4

1001
ACAD
1000
Liberation Sans
1071
0
  0
STYLE
  5
B3
100
AcDbSymbolTableRecord
100
AcDbTextStyleTableRecord
  2
textstyle91
 70
0
 40
0.0
 41
1.0
 50
0.0
 71
0
 42
1.0
  3

  4

1001
ACAD
1000
Liberation Sans
1071
0
  0
STYLE
  5
B4
100
AcDbSymbolTableRecord
100
AcDbTextStyleTableRecord
  2
textstyle92
 70
0
 40
0.0
 41
1.0
 50
0.0
 71
0
 42
1.0
  3

  4

1001
ACAD
1000
Liberation Sans
1071
0
  0
STYLE
  5
B5
100
AcDbSymbolTableRecord
100
AcDbTextStyleTableRecord
  2
textstyle93
 70
0
 40
0.0
 41
1.0
 50
0.0
 71
0
 42
1.0
  3

  4

1001
ACAD
1000
Liberation Sans
1071
0
  0
STYLE
  5
B6
100
AcDbSymbolTableRecord
100
AcDbTextStyleTableRecord
  2
textstyle94
 70
0
 40
0.0
 41
1.0
 50
0.0
 71
0
 42
1.0
  3

  4

1001
ACAD
1000
Liberation Sans
1071
0
  0
STYLE
  5
B7
100
AcDbSymbolTableRecord
100
AcDbTextStyleTableRecord
  2
textstyle95
 70
0
 40
0.0
 41
1.0
 50
0.0
 71
0
 42
1.0
  3

  4

1001
ACAD
1000
Liberation Sans
1071
0
  0
STYLE
  5
B8
100
AcDbSymbolTableRecord
100
AcDbTextStyleTableRecord
  2
textstyle96
 70
0
 40
0.0
 41
1.0
 50
0.0
 71
0
 42
1.0
  3

  4

1001
ACAD
1000
Liberation Sans
1071
0
  0
STYLE
  5
B9
100
AcDbSymbolTableRecord
100
AcDbTextStyleTableRecord
  2
textstyle97
 70
0
 40
0.0
 41
1.0
 50
0.0
 71
0
 42
1.0
  3

  4

1001
ACAD
1000
Liberation Sans
1071
0
  0
STYLE
  5
BA
100
AcDbSymbolTableRecord
100
AcDbTextStyleTableRecord
  2
textstyle98
 70
0
 40
0.0
 41
1.0
 50
0.0
 71
0
 42
1.0
  3

  4

1001
ACAD
1000
Liberation Sans
1071
0
  0
STYLE
  5
BB
100
AcDbSymbolTableRecord
100
AcDbTextStyleTableRecord
  2
textstyle99
 70
0
 40
0.0
 41
1.0
 50
0.0
 71
0
 42
1.0
  3

  4

1001
ACAD
1000
Liberation Sans
1071
0
  0
STYLE
  5
BC
100
AcDbSymbolTableRecord
100
AcDbTextStyleTableRecord
  2
textstyle100
 70
0
 40
0.0
 41
1.0
 50
0.0
 71
0
 42
1.0
  3

  4

1001
ACAD
1000
Liberation Sans
1071
0
  0
STYLE
  5
BD
100
AcDbSymbolTableRecord
100
AcDbTextStyleTableRecord
  2
textstyle101
 70
0
 40
0.0
 41
1.0
 50
0.0
 71
0
 42
1.0
  3

  4

1001
ACAD
1000
Liberation Sans
1071
0
  0
STYLE
  5
BE
100
AcDbSymbolTableRecord
100
AcDbTextStyleTableRecord
  2
textstyle102
 70
0
 40
0.0
 41
1.0
 50
0.0
 71
0
 42
1.0
  3

  4

1001
ACAD
1000
Liberation Sans
1071
0
  0
STYLE
  5
BF
100
AcDbSymbolTableRecord
100
AcDbTextStyleTableRecord
  2
textstyle103
 70
0
 40
0.0
 41
1.0
 50
0.0
 71
0
 42
1.0
  3

  4

1001
ACAD
1000
Liberation Sans
1071
0
  0
STYLE
  5
C0
100
AcDbSymbolTableRecord
100
AcDbTextStyleTableRecord
  2
textstyle104
 70
0
 40
0.0
 41
1.0
 50
0.0
 71
0
 42
1.0
  3

  4

1001
ACAD
1000
Liberation Sans
1071
0
  0
STYLE
  5
C1
100
AcDbSymbolTableRecord
100
AcDbTextStyleTableRecord
  2
textstyle105
 70
0
 40
0.0
 41
1.0
 50
0.0
 71
0
 42
1.0
  3

  4

1001
ACAD
1000
Liberation Sans
1071
0
  0
STYLE
  5
C2
100
AcDbSymbolTableRecord
100
AcDbTextStyleTableRecord
  2
textstyle106
 70
0
 40
0.0
 41
1.0
 50
0.0
 71
0
 42
1.0
  3

  4

1001
ACAD
1000
Liberation Sans
1071
0
  0
STYLE
  5
C3
100
AcDbSymbolTableRecord
100
AcDbTextStyleTableRecord
  2
textstyle107
 70
0
 40
0.0
 41
1.0
 50
0.0
 71
0
 42
1.0
  3

  4

1001
ACAD
1000
Liberation Sans
1071
0
  0
STYLE
  5
C4
100
AcDbSymbolTableRecord
100
AcDbTextStyleTableRecord
  2
textstyle108
 70
0
 40
0.0
 41
1.0
 50
0.0
 71
0
 42
1.0
  3

  4

1001
ACAD
1000
Liberation Sans
1071
0
  0
STYLE
  5
C5
100
AcDbSymbolTableRecord
100
AcDbTextStyleTableRecord
  2
textstyle109
 70
0
 40
0.0
 41
1.0
 50
0.0
 71
0
 42
1.0
  3

  4

1001
ACAD
1000
Liberation Sans
1071
0
  0
STYLE
  5
C6
100
AcDbSymbolTableRecord
100
AcDbTextStyleTableRecord
  2
textstyle110
 70
0
 40
0.0
 41
1.0
 50
0.0
 71
0
 42
1.0
  3

  4

1001
ACAD
1000
Liberation Sans
1071
0
  0
STYLE
  5
C7
100
AcDbSymbolTableRecord
100
AcDbTextStyleTableRecord
  2
textstyle111
 70
0
 40
0.0
 41
1.0
 50
0.0
 71
0
 42
1.0
  3

  4

1001
ACAD
1000
Liberation Sans
1071
0
  0
STYLE
  5
C8
100
AcDbSymbolTableRecord
100
AcDbTextStyleTableRecord
  2
textstyle112
 70
0
 40
0.0
 41
1.0
 50
0.0
 71
0
 42
1.0
  3

  4

1001
ACAD
1000
Liberation Sans
1071
0
  0
STYLE
  5
C9
100
AcDbSymbolTableRecord
100
AcDbTextStyleTableRecord
  2
textstyle113
 70
0
 40
0.0
 41
1.0
 50
0.0
 71
0
 42
1.0
  3

  4

1001
ACAD
1000
Liberation Sans
1071
0
  0
STYLE
  5
CA
100
AcDbSymbolTableRecord
100
AcDbTextStyleTableRecord
  2
textstyle114
 70
0
 40
0.0
 41
1.0
 50
0.0
 71
0
 42
1.0
  3

  4

1001
ACAD
1000
Liberation Sans
1071
0
  0
STYLE
  5
CB
100
AcDbSymbolTableRecord
100
AcDbTextStyleTableRecord
  2
textstyle115
 70
0
 40
0.0
 41
1.0
 50
0.0
 71
0
 42
1.0
  3

  4

1001
ACAD
1000
Liberation Sans
1071
0
  0
STYLE
  5
CC
100
AcDbSymbolTableRecord
100
AcDbTextStyleTableRecord
  2
textstyle116
 70
0
 40
0.0
 41
1.0
 50
0.0
 71
0
 42
1.0
  3

  4

1001
ACAD
1000
Liberation Sans
1071
0
  0
STYLE
  5
CD
100
AcDbSymbolTableRecord
100
AcDbTextStyleTableRecord
  2
textstyle117
 70
0
 40
0.0
 41
1.0
 50
0.0
 71
0
 42
1.0
  3

  4

1001
ACAD
1000
Liberation Sans
1071
0
  0
STYLE
  5
CE
100
AcDbSymbolTableRecord
100
AcDbTextStyleTableRecord
  2
textstyle118
 70
0
 40
0.0
 41
1.0
 50
0.0
 71
0
 42
1.0
  3

  4

1001
ACAD
1000
Liberation Sans
1071
0
  0
STYLE
  5
CF
100
AcDbSymbolTableRecord
100
AcDbTextStyleTableRecord
  2
textstyle119
 70
0
 40
0.0
 41
1.0
 50
0.0
 71
0
 42
1.0
  3

  4

1001
ACAD
1000
Liberation Sans
1071
0
  0
STYLE
  5
D0
100
AcDbSymbolTableRecord
100
AcDbTextStyleTableRecord
  2
textstyle120
 70
0
 40
0.0
 41
1.0
 50
0.0
 71
0
 42
1.0
  3

  4

1001
ACAD
1000
Liberation Sans
1071
0
  0
STYLE
  5
D1
100
AcDbSymbolTableRecord
100
AcDbTextStyleTableRecord
  2
textstyle121
 70
0
 40
0.0
 41
1.0
 50
0.0
 71
0
 42
1.0
  3

  4

1001
ACAD
1000
Liberation Sans
1071
0
  0
STYLE
  5
D2
100
AcDbSymbolTableRecord
100
AcDbTextStyleTableRecord
  2
textstyle122
 70
0
 40
0.0
 41
1.0
 50
0.0
 71
0
 42
1.0
  3

  4

1001
ACAD
1000
Liberation Sans
1071
0
  0
STYLE
  5
D3
100
AcDbSymbolTableRecord
100
AcDbTextStyleTableRecord
  2
textstyle123
 70
0
 40
0.0
 41
1.0
 50
0.0
 71
0
 42
1.0
  3

  4

1001
ACAD
1000
Liberation Sans
1071
0
  0
STYLE
  5
D4
100
AcDbSymbolTableRecord
100
AcDbTextStyleTableRecord
  2
textstyle124
 70
0
 40
0.0
 41
1.0
 50
0.0
 71
0
 42
1.0
  3

  4

1001
ACAD
1000
Liberation Sans
1071
0
  0
STYLE
  5
D5
100
AcDbSymbolTableRecord
100
AcDbTextStyleTableRecord
  2
textstyle125
 70
0
 40
0.0
 41
1.0
 50
0.0
 71
0
 42
1.0
  3

  4

1001
ACAD
1000
Liberation Sans
1071
0
  0
STYLE
  5
D6
100
AcDbSymbolTableRecord
100
AcDbTextStyleTableRecord
  2
textstyle126
 70
0
 40
0.0
 41
1.0
 50
0.0
 71
0
 42
1.0
  3

  4

1001
ACAD
1000
Liberation Sans
1071
0
  0
STYLE
  5
D7
100
AcDbSymbolTableRecord
100
AcDbTextStyleTableRecord
  2
textstyle127
 70
0
 40
0.0
 41
1.0
 50
0.0
 71
0
 42
1.0
  3

  4

1001
ACAD
1000
Liberation Sans
1071
0
  0
STYLE
  5
D8
100
AcDbSymbolTableRecord
100
AcDbTextStyleTableRecord
  2
textstyle128
 70
0
 40
0.0
 41
1.0
 50
0.0
 71
0
 42
1.0
  3

  4

1001
ACAD
1000
Liberation Sans
1071
0
  0
STYLE
  5
D9
100
AcDbSymbolTableRecord
100
AcDbTextStyleTableRecord
  2
textstyle129
 70
0
 40
0.0
 41
1.0
 50
0.0
 71
0
 42
1.0
  3

  4

1001
ACAD
1000
Liberation Sans
1071
0
  0
STYLE
  5
DA
100
AcDbSymbolTableRecord
100
AcDbTextStyleTableRecord
  2
textstyle130
 70
0
 40
0.0
 41
1.0
 50
0.0
 71
0
 42
1.0
  3

  4

1001
ACAD
1000
Liberation Sans
1071
0
  0
STYLE
  5
DB
100
AcDbSymbolTableRecord
100
AcDbTextStyleTableRecord
  2
textstyle131
 70
0
 40
0.0
 41
1.0
 50
0.0
 71
0
 42
1.0
  3

  4

1001
ACAD
1000
Liberation Sans
1071
0
  0
STYLE
  5
DC
100
AcDbSymbolTableRecord
100
AcDbTextStyleTableRecord
  2
textstyle132
 70
0
 40
0.0
 41
1.0
 50
0.0
 71
0
 42
1.0
  3

  4

1001
ACAD
1000
Liberation Sans
1071
0
  0
STYLE
  5
DD
100
AcDbSymbolTableRecord
100
AcDbTextStyleTableRecord
  2
textstyle133
 70
0
 40
0.0
 41
1.0
 50
0.0
 71
0
 42
1.0
  3

  4

1001
ACAD
1000
Liberation Sans
1071
0
  0
STYLE
  5
DE
100
AcDbSymbolTableRecord
100
AcDbTextStyleTableRecord
  2
textstyle134
 70
0
 40
0.0
 41
1.0
 50
0.0
 71
0
 42
1.0
  3

  4

1001
ACAD
1000
Liberation Sans
1071
0
  0
STYLE
  5
DF
100
AcDbSymbolTableRecord
100
AcDbTextStyleTableRecord
  2
textstyle135
 70
0
 40
0.0
 41
1.0
 50
0.0
 71
0
 42
1.0
  3

  4

1001
ACAD
1000
Liberation Sans
1071
0
  0
STYLE
  5
E0
100
AcDbSymbolTableRecord
100
AcDbTextStyleTableRecord
  2
textstyle136
 70
0
 40
0.0
 41
1.0
 50
0.0
 71
0
 42
1.0
  3

  4

1001
ACAD
1000
Liberation Sans
1071
0
  0
STYLE
  5
E1
100
AcDbSymbolTableRecord
100
AcDbTextStyleTableRecord
  2
textstyle137
 70
0
 40
0.0
 41
1.0
 50
0.0
 71
0
 42
1.0
  3

  4

1001
ACAD
1000
Liberation Sans
1071
0
  0
STYLE
  5
E2
100
AcDbSymbolTableRecord
100
AcDbTextStyleTableRecord
  2
textstyle138
 70
0
 40
0.0
 41
1.0
 50
0.0
 71
0
 42
1.0
  3

  4

1001
ACAD
1000
Liberation Sans
1071
0
  0
STYLE
  5
E3
100
AcDbSymbolTableRecord
100
AcDbTextStyleTableRecord
  2
textstyle139
 70
0
 40
0.0
 41
1.0
 50
0.0
 71
0
 42
1.0
  3

  4

1001
ACAD
1000
Liberation Sans
1071
0
  0
STYLE
  5
E4
100
AcDbSymbolTableRecord
100
AcDbTextStyleTableRecord
  2
textstyle140
 70
0
 40
0.0
 41
1.0
 50
0.0
 71
0
 42
1.0
  3

  4

1001
ACAD
1000
Liberation Sans
1071
0
  0
STYLE
  5
E5
100
AcDbSymbolTableRecord
100
AcDbTextStyleTableRecord
  2
textstyle141
 70
0
 40
0.0
 41
1.0
 50
0.0
 71
0
 42
1.0
  3

  4

1001
ACAD
1000
Liberation Sans
1071
0
  0
STYLE
  5
E6
100
AcDbSymbolTableRecord
100
AcDbTextStyleTableRecord
  2
textstyle142
 70
0
 40
0.0
 41
1.0
 50
0.0
 71
0
 42
1.0
  3

  4

1001
ACAD
1000
Liberation Sans
1071
0
  0
STYLE
  5
E7
100
AcDbSymbolTableRecord
100
AcDbTextStyleTableRecord
  2
textstyle143
 70
0
 40
0.0
 41
1.0
 50
0.0
 71
0
 42
1.0
  3

  4

1001
ACAD
1000
Liberation Sans
1071
0
  0
STYLE
  5
E8
100
AcDbSymbolTableRecord
100
AcDbTextStyleTableRecord
  2
textstyle144
 70
0
 40
0.0
 41
1.0
 50
0.0
 71
0
 42
1.0
  3

  4

1001
ACAD
1000
Liberation Sans
1071
0
  0
STYLE
  5
E9
100
AcDbSymbolTableRecord
100
AcDbTextStyleTableRecord
  2
textstyle145
 70
0
 40
0.0
 41
1.0
 50
0.0
 71
0
 42
1.0
  3

  4

1001
ACAD
1000
Liberation Sans
1071
0
  0
STYLE
  5
EA
100
AcDbSymbolTableRecord
100
AcDbTextStyleTableRecord
  2
textstyle146
 70
0
 40
0.0
 41
1.0
 50
0.0
 71
0
 42
1.0
  3

  4

1001
ACAD
1000
Liberation Sans
1071
0
  0
STYLE
  5
EB
100
AcDbSymbolTableRecord
100
AcDbTextStyleTableRecord
  2
textstyle147
 70
0
 40
0.0
 41
1.0
 50
0.0
 71
0
 42
1.0
  3

  4

1001
ACAD
1000
Liberation Sans
1071
0
  0
STYLE
  5
EC
100
AcDbSymbolTableRecord
100
AcDbTextStyleTableRecord
  2
textstyle148
 70
0
 40
0.0
 41
1.0
 50
0.0
 71
0
 42
1.0
  3

  4

1001
ACAD
1000
Liberation Sans
1071
0
  0
STYLE
  5
ED
100
AcDbSymbolTableRecord
100
AcDbTextStyleTableRecord
  2
textstyle149
 70
0
 40
0.0
 41
1.0
 50
0.0
 71
0
 42
1.0
  3

  4

1001
ACAD
1000
Liberation Sans
1071
0
  0
STYLE
  5
EE
100
AcDbSymbolTableRecord
100
AcDbTextStyleTableRecord
  2
textstyle150
 70
0
 40
0.0
 41
1.0
 50
0.0
 71
0
 42
1.0
  3

  4

1001
ACAD
1000
Liberation Sans
1071
0
  0
STYLE
  5
EF
100
AcDbSymbolTableRecord
100
AcDbTextStyleTableRecord
  2
textstyle151
 70
0
 40
0.0
 41
1.0
 50
0.0
 71
0
 42
1.0
  3

  4

1001
ACAD
1000
Liberation Sans
1071
0
  0
STYLE
  5
F0
100
AcDbSymbolTableRecord
100
AcDbTextStyleTableRecord
  2
textstyle152
 70
0
 40
0.0
 41
1.0
 50
0.0
 71
0
 42
1.0
  3

  4

1001
ACAD
1000
Liberation Sans
1071
0
  0
STYLE
  5
F1
100
AcDbSymbolTableRecord
100
AcDbTextStyleTableRecord
  2
textstyle153
 70
0
 40
0.0
 41
1.0
 50
0.0
 71
0
 42
1.0
  3

  4

1001
ACAD
1000
Liberation Sans
1071
0
  0
STYLE
  5
F2
100
AcDbSymbolTableRecord
100
AcDbTextStyleTableRecord
  2
textstyle154
 70
0
 40
0.0
 41
1.0
 50
0.0
 71
0
 42
1.0
  3

  4

1001
ACAD
1000
Liberation Sans
1071
0
  0
ENDTAB
  0
TABLE
  2
VIEW
  5
6
100
AcDbSymbolTable
 70
0
  0
ENDTAB
  0
TABLE
  2
UCS
  5
7
100
AcDbSymbolTable
 70
0
  0
ENDTAB
  0
TABLE
  2
APPID
  5
9
100
AcDbSymbolTable
 70
1
  0
APPID
  5
12
100
AcDbSymbolTableRecord
100
AcDbRegAppTableRecord
  2
ACAD
 70
0
  0
APPID
  5
F3
100
AcDbSymbolTableRecord
100
AcDbRegAppTableRecord
  2
QCAD
 70
0
  0
ENDTAB
  0
TABLE
  2
DIMSTYLE
  5
A
100
AcDbSymbolTable
 70
1
100
AcDbDimStyleTable
 71
0
  0
DIMSTYLE
105
27
100
AcDbSymbolTableRecord
100
AcDbDimStyleTableRecord
  2
Standard
 41
0.125
 42
0.03125
 43
3.75
 44
0.0625
 70
0
 73
0
 74
0
 77
1
 78
8
140
0.125
141
2.5
143
0.03937007874016
147
0.03125
171
3
172
1
271
2
272
2
274
3
278
44
283
0
284
8
340
57
  0
ENDTAB
  0
TABLE
  2
BLOCK_RECORD
  5
1
100
AcDbSymbolTable
 70
1
  0
BLOCK_RECORD
  5
1F
100
AcDbSymbolTableRecord
100
AcDbBlockTableRecord
  2
*Model_Space
340
22
  0
BLOCK_RECORD
  5
1B
100
AcDbSymbolTableRecord
100
AcDbBlockTableRecord
  2
*Paper_Space
340
1E
  0
BLOCK_RECORD
  5
23
100
AcDbSymbolTableRecord
100
AcDbBlockTableRecord
  2
*Paper_Space0
340
26
  0
ENDTAB
  0
ENDSEC
  0
SECTION
  2
BLOCKS
  0
BLOCK
  5
20
100
AcDbEntity
  8
0
100
AcDbBlockBegin
  2
*Model_Space
 70
0
 10
0.0
 20
0.0
 30
0.0
  3
*Model_Space
  1

  0
ENDBLK
  5
21
100
AcDbEntity
  8
0
100
AcDbBlockEnd
  0
BLOCK
  5
1C
100
AcDbEntity
 67
1
  8
0
100
AcDbBlockBegin
  2
*Paper_Space
 70
0
 10
0.0
 20
0.0
 30
0.0
  3
*Paper_Space
  1

  0
ENDBLK
  5
1D
100
AcDbEntity
 67
1
  8
0
100
AcDbBlockEnd
  0
BLOCK
  5
24
100
AcDbEntity
  8
0
100
AcDbBlockBegin
  2
*Paper_Space0
 70
0
 10
0.0
 20
0.0
 30
0.0
  3
*Paper_Space0
  1

  0
ENDBLK
  5
25
100
AcDbEntity
  8
0
100
AcDbBlockEnd
  0
ENDSEC
  0
SECTION
  2
ENTITIES
  0
LINE
  5
F4
100
AcDbEntity
  8
0
 62
256
370
-1
 48
1.0
  6
BYLAYER
100
AcDbLine
 10
360.0
 20
220.0
 30
0.0
 11
360.0
 21
-120.0
 31
0.0
  0
LINE
  5
F5
100
AcDbEntity
  8
0
 62
256
370
-1
 48
1.0
  6
BYLAYER
100
AcDbLine
 10
-200.0
 20
-120.0
 30
0.0
 11
-200.0
 21
-120.0
 31
0.0
  0
LINE
  5
F6
100
AcDbEntity
  8
0
 62
256
370
-1
 48
1.0
  6
BYLAYER
100
AcDbLine
 10
380.0
 20
220.0
 30
0.0
 11
380.0
 21
1500.0
 31
0.0
  0
LINE
  5
F7
100
AcDbEntity
  8
0
 62
256
370
-1
 48
1.0
  6
BYLAYER
100
AcDbLine
 10
380.0
 20
1500.0
 30
0.0
 11
630.0
 21
1500.0
 31
0.0
  0
LINE
  5
F8
100
AcDbEntity
  8
0
 62
256
370
-1
 48
1.0
  6
BYLAYER
100
AcDbLine
 10
630.0
 20
1500.0
 30
0.0
 11
620.0
 21
230.0
 31
0.0
  0
LINE
  5
F9
100
AcDbEntity
  8
0
 62
256
370
-1
 48
1.0
  6
BYLAYER
100
AcDbLine
 10
360.0
 20
220.0
 30
0.0
 11
360.0
 21
1500.0
 31
0.0
  0
LINE
  5
FA
100
AcDbEntity
  8
0
 62
256
370
-1
 48
1.0
  6
BYLAYER
100
AcDbLine
 10
360.0
 20
1500.0
 30
0.0
 11
-1100.0
 21
1500.0
 31
0.0
  0
LINE
  5
FB
100
AcDbEntity
  8
0
 62
256
370
-1
 48
1.0
  6
BYLAYER
100
AcDbLine
 10
110.0
 20
320.0
 30
0.0
 11
110.0
 21
300.0
 31
0.0
  0
LINE
  5
FC
100
AcDbEntity
  8
0
 62
256
370
-1
 48
1.0
  6
BYLAYER
100
AcDbLine
 10
200.0
 20
320.0
 30
0.0
 11
200.0
 21
300.0
 31
0.0
  0
LINE
  5
FD
100
AcDbEntity
  8
0
 62
256
370
-1
 48
1.0
  6
BYLAYER
100
AcDbLine
 10
110.0
 20
300.0
 30
0.0
 11
110.0
 21
290.0
 31
0.0
  0
LINE
  5
FE
100
AcDbEntity
  8
0
 62
256
370
-1
 48
1.0
  6
BYLAYER
100
AcDbLine
 10
200.0
 20
300.0
 30
0.0
 11
200.0
 21
290.0
 31
0.0
  0
LINE
  5
FF
100
AcDbEntity
  8
0
 62
256
370
-1
 48
1.0
  6
BYLAYER
100
AcDbLine
 10
190.0
 20
290.0
 30
0.0
 11
190.0
 21
320.0
 31
0.0
  0
LINE
  5
100
100
AcDbEntity
  8
0
 62
256
370
-1
 48
1.0
  6
BYLAYER
100
AcDbLine
 10
280.0
 20
290.0
 30
0.0
 11
280.0
 21
320.0
 31
0.0
  0
LINE
  5
101
100
AcDbEntity
  8
0
 62
256
370
-1
 48
1.0
  6
BYLAYER
100
AcDbLine
 10
190.0
 20
320.0
 30
0.0
 11
110.0
 21
320.0
 31
0.0
  0
LINE
  5
102
100
AcDbEntity
  8
0
 62
256
370
-1
 48
1.0
  6
BYLAYER
100
AcDbLine
 10
280.0
 20
320.0
 30
0.0
 11
200.0
 21
320.0
 31
0.0
  0
LINE
  5
103
100
AcDbEntity
  8
0
 62
256
370
-1
 48
1.0
  6
BYLAYER
100
AcDbLine
 10
120.0
 20
310.0
 30
0.0
 11
120.0
 21
300.0
 31
0.0
  0
LINE
  5
104
100
AcDbEntity
  8
0
 62
256
370
-1
 48
1.0
  6
BYLAYER
100
AcDbLine
 10
210.0
 20
310.0
 30
0.0
 11
210.0
 21
300.0
 31
0.0
  0
LINE
  5
105
100
AcDbEntity
  8
0
 62
256
370
-1
 48
1.0
  6
BYLAYER
100
AcDbLine
 10
120.0
 20
300.0
 30
0.0
 11
140.0
 21
300.0
 31
0.0
  0
LINE
  5
106
100
AcDbEntity
  8
0
 62
256
370
-1
 48
1.0
  6
BYLAYER
100
AcDbLine
 10
210.0
 20
300.0
 30
0.0
 11
230.0
 21
300.0
 31
0.0
  0
LINE
  5
107
100
AcDbEntity
  8
0
 62
256
370
-1
 48
1.0
  6
BYLAYER
100
AcDbLine
 10
140.0
 20
300.0
 30
0.0
 11
140.0
 21
310.0
 31
0.0
  0
LINE
  5
108
100
AcDbEntity
  8
0
 62
256
370
-1
 48
1.0
  6
BYLAYER
100
AcDbLine
 10
230.0
 20
300.0
 30
0.0
 11
230.0
 21
310.0
 31
0.0
  0
LINE
  5
109
100
AcDbEntity
  8
0
 62
256
370
-1
 48
1.0
  6
BYLAYER
100
AcDbLine
 10
140.0
 20
310.0
 30
0.0
 11
120.0
 21
310.0
 31
0.0
  0
LINE
  5
10A
100
AcDbEntity
  8
0
 62
256
370
-1
 48
1.0
  6
BYLAYER
100
AcDbLine
 10
230.0
 20
310.0
 30
0.0
 11
210.0
 21
310.0
 31
0.0
  0
LINE
  5
10B
100
AcDbEntity
  8
0
 62
256
370
-1
 48
1.0
  6
BYLAYER
100
AcDbLine
 10
160.0
 20
310.0
 30
0.0
 11
160.0
 21
300.0
 31
0.0
  0
LINE
  5
10C
100
AcDbEntity
  8
0
 62
256
370
-1
 48
1.0
  6
BYLAYER
100
AcDbLine
 10
250.0
 20
310.0
 30
0.0
 11
250.0
 21
300.0
 31
0.0
  0
LINE
  5
10D
100
AcDbEntity
  8
0
 62
256
370
-1
 48
1.0
  6
BYLAYER
100
AcDbLine
 10
160.0
 20
300.0
 30
0.0
 11
180.0
 21
300.0
 31
0.0
  0
LINE
  5
10E
100
AcDbEntity
  8
0
 62
256
370
-1
 48
1.0
  6
BYLAYER
100
AcDbLine
 10
250.0
 20
300.0
 30
0.0
 11
270.0
 21
300.0
 31
0.0
  0
LINE
  5
10F
100
AcDbEntity
  8
0
 62
256
370
-1
 48
1.0
  6
BYLAYER
100
AcDbLine
 10
180.0
 20
300.0
 30
0.0
 11
180.0
 21
310.0
 31
0.0
  0
LINE
  5
110
100
AcDbEntity
  8
0
 62
256
370
-1
 48
1.0
  6
BYLAYER
100
AcDbLine
 10
270.0
 20
300.0
 30
0.0
 11
270.0
 21
310.0
 31
0.0
  0
LINE
  5
111
100
AcDbEntity
  8
0
 62
256
370
-1
 48
1.0
  6
BYLAYER
100
AcDbLine
 10
180.0
 20
310.0
 30
0.0
 11
160.0
 21
310.0
 31
0.0
  0
LINE
  5
112
100
AcDbEntity
  8
0
 62
256
370
-1
 48
1.0
  6
BYLAYER
100
AcDbLine
 10
270.0
 20
310.0
 30
0.0
 11
250.0
 21
310.0
 31
0.0
  0
MTEXT
  5
113
100
AcDbEntity
  8
0
 62
256
370
-1
 48
1.0
  6
BYLAYER
100
AcDbMText
 10
138.0
 20
292.0
 30
0.0
 40
1.0
 41
0.0
 71
1
 72
1
  1
\C7;\H6;INPUT
  7
textstyle144
 50
0.0
 73
2
 44
1.0
  0
LINE
  5
114
100
AcDbEntity
  8
0
 62
256
370
-1
 48
1.0
  6
BYLAYER
100
AcDbLine
 10
110.0
 20
290.0
 30
0.0
 11
136.0
 21
290.0
 31
0.0
  0
LINE
  5
115
100
AcDbEntity
  8
0
 62
256
370
-1
 48
1.0
  6
BYLAYER
100
AcDbLine
 10
165.0
 20
290.0
 30
0.0
 11
190.0
 21
290.0
 31
0.0
  0
MTEXT
  5
116
100
AcDbEntity
  8
0
 62
256
370
-1
 48
1.0
  6
BYLAYER
100
AcDbMText
 10
230.0
 20
293.0
 30
0.0
 40
1.0
 41
0.0
 71
1
 72
1
  1
\C7;\H6;MISC
  7
textstyle145
 50
0.0
 73
2
 44
1.0
  0
LINE
  5
117
100
AcDbEntity
  8
0
 62
256
370
-1
 48
1.0
  6
BYLAYER
100
AcDbLine
 10
200.0
 20
290.0
 30
0.0
 11
228.0
 21
290.0
 31
0.0
  0
LINE
  5
118
100
AcDbEntity
  8
0
 62
256
370
-1
 48
1.0
  6
BYLAYER
100
AcDbLine
 10
253.0
 20
290.0
 30
0.0
 11
280.0
 21
290.0
 31
0.0
  0
LINE
  5
119
100
AcDbEntity
  8
0
 62
256
370
-1
 48
1.0
  6
BYLAYER
100
AcDbLine
 10
253.0
 20
290.0
 30
0.0
 11
252.0
 21
290.0
 31
0.0
  0
LINE
  5
11A
100
AcDbEntity
  8
0
 62
256
370
-1
 48
1.0
  6
BYLAYER
100
AcDbLine
 10
110.0
 20
280.0
 30
0.0
 11
110.0
 21
250.0
 31
0.0
  0
LINE
  5
11B
100
AcDbEntity
  8
0
 62
256
370
-1
 48
1.0
  6
BYLAYER
100
AcDbLine
 10
110.0
 20
240.0
 30
0.0
 11
110.0
 21
210.0
 31
0.0
  0
LINE
  5
11C
100
AcDbEntity
  8
0
 62
256
370
-1
 48
1.0
  6
BYLAYER
100
AcDbLine
 10
110.0
 20
200.0
 30
0.0
 11
110.0
 21
170.0
 31
0.0
  0
LINE
  5
11D
100
AcDbEntity
  8
0
 62
256
370
-1
 48
1.0
  6
BYLAYER
100
AcDbLine
 10
110.0
 20
280.0
 30
0.0
 11
280.0
 21
280.0
 31
0.0
  0
LINE
  5
11E
100
AcDbEntity
  8
0
 62
256
370
-1
 48
1.0
  6
BYLAYER
100
AcDbLine
 10
110.0
 20
240.0
 30
0.0
 11
280.0
 21
240.0
 31
0.0
  0
LINE
  5
11F
100
AcDbEntity
  8
0
 62
256
370
-1
 48
1.0
  6
BYLAYER
100
AcDbLine
 10
110.0
 20
200.0
 30
0.0
 11
280.0
 21
200.0
 31
0.0
  0
LINE
  5
120
100
AcDbEntity
  8
0
 62
256
370
-1
 48
1.0
  6
BYLAYER
100
AcDbLine
 10
280.0
 20
280.0
 30
0.0
 11
280.0
 21
250.0
 31
0.0
  0
LINE
  5
121
100
AcDbEntity
  8
0
 62
256
370
-1
 48
1.0
  6
BYLAYER
100
AcDbLine
 10
280.0
 20
240.0
 30
0.0
 11
280.0
 21
210.0
 31
0.0
  0
LINE
  5
122
100
AcDbEntity
  8
0
 62
256
370
-1
 48
1.0
  6
BYLAYER
100
AcDbLine
 10
280.0
 20
200.0
 30
0.0
 11
280.0
 21
170.0
 31
0.0
  0
LINE
  5
123
100
AcDbEntity
  8
0
 62
256
370
-1
 48
1.0
  6
BYLAYER
100
AcDbLine
 10
120.0
 20
270.0
 30
0.0
 11
120.0
 21
260.0
 31
0.0
  0
LINE
  5
124
100
AcDbEntity
  8
0
 62
256
370
-1
 48
1.0
  6
BYLAYER
100
AcDbLine
 10
120.0
 20
230.0
 30
0.0
 11
120.0
 21
220.0
 31
0.0
  0
LINE
  5
125
100
AcDbEntity
  8
0
 62
256
370
-1
 48
1.0
  6
BYLAYER
100
AcDbLine
 10
120.0
 20
190.0
 30
0.0
 11
120.0
 21
180.0
 31
0.0
  0
LINE
  5
126
100
AcDbEntity
  8
0
 62
256
370
-1
 48
1.0
  6
BYLAYER
100
AcDbLine
 10
120.0
 20
260.0
 30
0.0
 11
140.0
 21
260.0
 31
0.0
  0
LINE
  5
127
100
AcDbEntity
  8
0
 62
256
370
-1
 48
1.0
  6
BYLAYER
100
AcDbLine
 10
120.0
 20
220.0
 30
0.0
 11
140.0
 21
220.0
 31
0.0
  0
LINE
  5
128
100
AcDbEntity
  8
0
 62
256
370
-1
 48
1.0
  6
BYLAYER
100
AcDbLine
 10
120.0
 20
180.0
 30
0.0
 11
140.0
 21
180.0
 31
0.0
  0
LINE
  5
129
100
AcDbEntity
  8
0
 62
256
370
-1
 48
1.0
  6
BYLAYER
100
AcDbLine
 10
140.0
 20
260.0
 30
0.0
 11
140.0
 21
270.0
 31
0.0
  0
LINE
  5
12A
100
AcDbEntity
  8
0
 62
256
370
-1
 48
1.0
  6
BYLAYER
100
AcDbLine
 10
140.0
 20
220.0
 30
0.0
 11
140.0
 21
230.0
 31
0.0
  0
LINE
  5
12B
100
AcDbEntity
  8
0
 62
256
370
-1
 48
1.0
  6
BYLAYER
100
AcDbLine
 10
140.0
 20
180.0
 30
0.0
 11
140.0
 21
190.0
 31
0.0
  0
LINE
  5
12C
100
AcDbEntity
  8
0
 62
256
370
-1
 48
1.0
  6
BYLAYER
100
AcDbLine
 10
140.0
 20
270.0
 30
0.0
 11
120.0
 21
270.0
 31
0.0
  0
LINE
  5
12D
100
AcDbEntity
  8
0
 62
256
370
-1
 48
1.0
  6
BYLAYER
100
AcDbLine
 10
140.0
 20
230.0
 30
0.0
 11
120.0
 21
230.0
 31
0.0
  0
LINE
  5
12E
100
AcDbEntity
  8
0
 62
256
370
-1
 48
1.0
  6
BYLAYER
100
AcDbLine
 10
140.0
 20
190.0
 30
0.0
 11
120.0
 21
190.0
 31
0.0
  0
LINE
  5
12F
100
AcDbEntity
  8
0
 62
256
370
-1
 48
1.0
  6
BYLAYER
100
AcDbLine
 10
160.0
 20
270.0
 30
0.0
 11
160.0
 21
260.0
 31
0.0
  0
LINE
  5
130
100
AcDbEntity
  8
0
 62
256
370
-1
 48
1.0
  6
BYLAYER
100
AcDbLine
 10
160.0
 20
230.0
 30
0.0
 11
160.0
 21
220.0
 31
0.0
  0
LINE
  5
131
100
AcDbEntity
  8
0
 62
256
370
-1
 48
1.0
  6
BYLAYER
100
AcDbLine
 10
160.0
 20
190.0
 30
0.0
 11
160.0
 21
180.0
 31
0.0
  0
LINE
  5
132
100
AcDbEntity
  8
0
 62
256
370
-1
 48
1.0
  6
BYLAYER
100
AcDbLine
 10
160.0
 20
260.0
 30
0.0
 11
180.0
 21
260.0
 31
0.0
  0
LINE
  5
133
100
AcDbEntity
  8
0
 62
256
370
-1
 48
1.0
  6
BYLAYER
100
AcDbLine
 10
160.0
 20
220.0
 30
0.0
 11
180.0
 21
220.0
 31
0.0
  0
LINE
  5
134
100
AcDbEntity
  8
0
 62
256
370
-1
 48
1.0
  6
BYLAYER
100
AcDbLine
 10
160.0
 20
180.0
 30
0.0
 11
180.0
 21
180.0
 31
0.0
  0
LINE
  5
135
100
AcDbEntity
  8
0
 62
256
370
-1
 48
1.0
  6
BYLAYER
100
AcDbLine
 10
180.0
 20
260.0
 30
0.0
 11
180.0
 21
270.0
 31
0.0
  0
LINE
  5
136
100
AcDbEntity
  8
0
 62
256
370
-1
 48
1.0
  6
BYLAYER
100
AcDbLine
 10
180.0
 20
220.0
 30
0.0
 11
180.0
 21
230.0
 31
0.0
  0
LINE
  5
137
100
AcDbEntity
  8
0
 62
256
370
-1
 48
1.0
  6
BYLAYER
100
AcDbLine
 10
180.0
 20
180.0
 30
0.0
 11
180.0
 21
190.0
 31
0.0
  0
LINE
  5
138
100
AcDbEntity
  8
0
 62
256
370
-1
 48
1.0
  6
BYLAYER
100
AcDbLine
 10
180.0
 20
270.0
 30
0.0
 11
160.0
 21
270.0
 31
0.0
  0
LINE
  5
139
100
AcDbEntity
  8
0
 62
256
370
-1
 48
1.0
  6
BYLAYER
100
AcDbLine
 10
180.0
 20
230.0
 30
0.0
 11
160.0
 21
230.0
 31
0.0
  0
LINE
  5
13A
100
AcDbEntity
  8
0
 62
256
370
-1
 48
1.0
  6
BYLAYER
100
AcDbLine
 10
180.0
 20
190.0
 30
0.0
 11
160.0
 21
190.0
 31
0.0
  0
LINE
  5
13B
100
AcDbEntity
  8
0
 62
256
370
-1
 48
1.0
  6
BYLAYER
100
AcDbLine
 10
210.0
 20
270.0
 30
0.0
 11
210.0
 21
260.0
 31
0.0
  0
LINE
  5
13C
100
AcDbEntity
  8
0
 62
256
370
-1
 48
1.0
  6
BYLAYER
100
AcDbLine
 10
210.0
 20
230.0
 30
0.0
 11
210.0
 21
220.0
 31
0.0
  0
LINE
  5
13D
100
AcDbEntity
  8
0
 62
256
370
-1
 48
1.0
  6
BYLAYER
100
AcDbLine
 10
210.0
 20
190.0
 30
0.0
 11
210.0
 21
180.0
 31
0.0
  0
LINE
  5
13E
100
AcDbEntity
  8
0
 62
256
370
-1
 48
1.0
  6
BYLAYER
100
AcDbLine
 10
210.0
 20
260.0
 30
0.0
 11
230.0
 21
260.0
 31
0.0
  0
LINE
  5
13F
100
AcDbEntity
  8
0
 62
256
370
-1
 48
1.0
  6
BYLAYER
100
AcDbLine
 10
210.0
 20
220.0
 30
0.0
 11
230.0
 21
220.0
 31
0.0
  0
LINE
  5
140
100
AcDbEntity
  8
0
 62
256
370
-1
 48
1.0
  6
BYLAYER
100
AcDbLine
 10
210.0
 20
180.0
 30
0.0
 11
230.0
 21
180.0
 31
0.0
  0
LINE
  5
141
100
AcDbEntity
  8
0
 62
256
370
-1
 48
1.0
  6
BYLAYER
100
AcDbLine
 10
230.0
 20
260.0
 30
0.0
 11
230.0
 21
270.0
 31
0.0
  0
LINE
  5
142
100
AcDbEntity
  8
0
 62
256
370
-1
 48
1.0
  6
BYLAYER
100
AcDbLine
 10
230.0
 20
220.0
 30
0.0
 11
230.0
 21
230.0
 31
0.0
  0
LINE
  5
143
100
AcDbEntity
  8
0
 62
256
370
-1
 48
1.0
  6
BYLAYER
100
AcDbLine
 10
230.0
 20
180.0
 30
0.0
 11
230.0
 21
190.0
 31
0.0
  0
LINE
  5
144
100
AcDbEntity
  8
0
 62
256
370
-1
 48
1.0
  6
BYLAYER
100
AcDbLine
 10
230.0
 20
270.0
 30
0.0
 11
210.0
 21
270.0
 31
0.0
  0
LINE
  5
145
100
AcDbEntity
  8
0
 62
256
370
-1
 48
1.0
  6
BYLAYER
100
AcDbLine
 10
230.0
 20
230.0
 30
0.0
 11
210.0
 21
230.0
 31
0.0
  0
LINE
  5
146
100
AcDbEntity
  8
0
 62
256
370
-1
 48
1.0
  6
BYLAYER
100
AcDbLine
 10
230.0
 20
190.0
 30
0.0
 11
210.0
 21
190.0
 31
0.0
  0
LINE
  5
147
100
AcDbEntity
  8
0
 62
256
370
-1
 48
1.0
  6
BYLAYER
100
AcDbLine
 10
250.0
 20
270.0
 30
0.0
 11
250.0
 21
260.0
 31
0.0
  0
LINE
  5
148
100
AcDbEntity
  8
0
 62
256
370
-1
 48
1.0
  6
BYLAYER
100
AcDbLine
 10
250.0
 20
230.0
 30
0.0
 11
250.0
 21
220.0
 31
0.0
  0
LINE
  5
149
100
AcDbEntity
  8
0
 62
256
370
-1
 48
1.0
  6
BYLAYER
100
AcDbLine
 10
250.0
 20
190.0
 30
0.0
 11
250.0
 21
180.0
 31
0.0
  0
LINE
  5
14A
100
AcDbEntity
  8
0
 62
256
370
-1
 48
1.0
  6
BYLAYER
100
AcDbLine
 10
250.0
 20
260.0
 30
0.0
 11
270.0
 21
260.0
 31
0.0
  0
LINE
  5
14B
100
AcDbEntity
  8
0
 62
256
370
-1
 48
1.0
  6
BYLAYER
100
AcDbLine
 10
250.0
 20
220.0
 30
0.0
 11
270.0
 21
220.0
 31
0.0
  0
LINE
  5
14C
100
AcDbEntity
  8
0
 62
256
370
-1
 48
1.0
  6
BYLAYER
100
AcDbLine
 10
250.0
 20
180.0
 30
0.0
 11
270.0
 21
180.0
 31
0.0
  0
LINE
  5
14D
100
AcDbEntity
  8
0
 62
256
370
-1
 48
1.0
  6
BYLAYER
100
AcDbLine
 10
270.0
 20
260.0
 30
0.0
 11
270.0
 21
270.0
 31
0.0
  0
LINE
  5
14E
100
AcDbEntity
  8
0
 62
256
370
-1
 48
1.0
  6
BYLAYER
100
AcDbLine
 10
270.0
 20
220.0
 30
0.0
 11
270.0
 21
230.0
 31
0.0
  0
LINE
  5
14F
100
AcDbEntity
  8
0
 62
256
370
-1
 48
1.0
  6
BYLAYER
100
AcDbLine
 10
270.0
 20
180.0
 30
0.0
 11
270.0
 21
190.0
 31
0.0
  0
LINE
  5
150
100
AcDbEntity
  8
0
 62
256
370
-1
 48
1.0
  6
BYLAYER
100
AcDbLine
 10
270.0
 20
270.0
 30
0.0
 11
250.0
 21
270.0
 31
0.0
  0
LINE
  5
151
100
AcDbEntity
  8
0
 62
256
370
-1
 48
1.0
  6
BYLAYER
100
AcDbLine
 10
270.0
 20
230.0
 30
0.0
 11
250.0
 21
230.0
 31
0.0
  0
LINE
  5
152
100
AcDbEntity
  8
0
 62
256
370
-1
 48
1.0
  6
BYLAYER
100
AcDbLine
 10
270.0
 20
190.0
 30
0.0
 11
250.0
 21
190.0
 31
0.0
  0
MTEXT
  5
153
100
AcDbEntity
  8
0
 62
256
370
-1
 48
1.0
  6
BYLAYER
100
AcDbMText
 10
166.413423086061357
 20
252.171065102451081
 30
0.0
 40
1.0
 41
0.0
 71
1
 72
1
  1
\C7;\H6;CHANNEL IN
  7
textstyle153
 50
0.0
 73
2
 44
1.0
  0
LINE
  5
154
100
AcDbEntity
  8
0
 62
256
370
-1
 48
1.0
  6
BYLAYER
100
AcDbLine
 10
110.0
 20
250.0
 30
0.0
 11
160.0
 21
250.0
 31
0.0
  0
LINE
  5
155
100
AcDbEntity
  8
0
 62
256
370
-1
 48
1.0
  6
BYLAYER
100
AcDbLine
 10
220.0
 20
250.0
 30
0.0
 11
280.0
 21
250.0
 31
0.0
  0
MTEXT
  5
156
100
AcDbEntity
  8
0
 62
256
370
-1
 48
1.0
  6
BYLAYER
100
AcDbMText
 10
153.0
 20
213.0
 30
0.0
 40
1.0
 41
0.0
 71
1
 72
1
  1
\C7;\H6;PROCESSING ORDER
  7
textstyle154
 50
0.0
 73
2
 44
1.0
  0
LINE
  5
157
100
AcDbEntity
  8
0
 62
256
370
-1
 48
1.0
  6
BYLAYER
100
AcDbLine
 10
110.0
 20
210.0
 30
0.0
 11
150.0
 21
210.0
 31
0.0
  0
LINE
  5
158
100
AcDbEntity
  8
0
 62
256
370
-1
 48
1.0
  6
BYLAYER
100
AcDbLine
 10
250.0
 20
210.0
 30
0.0
 11
280.0
 21
210.0
 31
0.0
  0
MTEXT
  5
159
100
AcDbEntity
  8
0
 62
256
370
-1
 48
1.0
  6
BYLAYER
100
AcDbMText
 10
151.1473607477346377
 20
172.8324517516107335
 30
0.0
 40
1.0
 41
0.0
 71
1
 72
1
  1
\C7;\H6;PROCESSING IN/OUT
  7
textstyle152
 50
0.0
 73
2
 44
1.0
  0
LINE
  5
15A
100
AcDbEntity
  8
0
 62
256
370
-1
 48
1.0
  6
BYLAYER
100
AcDbLine
 10
110.0
 20
170.0
 30
0.0
 11
150.0
 21
170.0
 31
0.0
  0
LINE
  5
15B
100
AcDbEntity
  8
0
 62
256
370
-1
 48
1.0
  6
BYLAYER
100
AcDbLine
 10
244.0
 20
170.0
 30
0.0
 11
280.0
 21
170.0
 31
0.0
  0
LINE
  5
15C
100
AcDbEntity
  8
0
 62
256
370
-1
 48
1.0
  6
BYLAYER
100
AcDbLine
 10
241.0
 20
170.0
 30
0.0
 11
244.0
 21
170.0
 31
0.0
  0
LINE
  5
15D
100
AcDbEntity
  8
0
 62
256
370
-1
 48
1.0
  6
BYLAYER
100
AcDbLine
 10
160.0
 20
250.0
 30
0.0
 11
165.0
 21
250.0
 31
0.0
  0
LINE
  5
15E
100
AcDbEntity
  8
0
 62
256
370
-1
 48
1.0
  6
BYLAYER
100
AcDbLine
 10
110.0
 20
160.0
 30
0.0
 11
110.0
 21
120.0
 31
0.0
  0
LINE
  5
15F
100
AcDbEntity
  8
0
 62
256
370
-1
 48
1.0
  6
BYLAYER
100
AcDbLine
 10
110.0
 20
120.0
 30
0.0
 11
150.0
 21
120.0
 31
0.0
  0
LINE
  5
160
100
AcDbEntity
  8
0
 62
256
370
-1
 48
1.0
  6
BYLAYER
100
AcDbLine
 10
150.0
 20
120.0
 30
0.0
 11
150.0
 21
160.0
 31
0.0
  0
LINE
  5
161
100
AcDbEntity
  8
0
 62
256
370
-1
 48
1.0
  6
BYLAYER
100
AcDbLine
 10
150.0
 20
160.0
 30
0.0
 11
110.0
 21
160.0
 31
0.0
  0
LINE
  5
162
100
AcDbEntity
  8
0
 62
256
370
-1
 48
1.0
  6
BYLAYER
100
AcDbLine
 10
170.0
 20
160.0
 30
0.0
 11
170.0
 21
120.0
 31
0.0
  0
LINE
  5
163
100
AcDbEntity
  8
0
 62
256
370
-1
 48
1.0
  6
BYLAYER
100
AcDbLine
 10
170.0
 20
120.0
 30
0.0
 11
210.0
 21
120.0
 31
0.0
  0
LINE
  5
164
100
AcDbEntity
  8
0
 62
256
370
-1
 48
1.0
  6
BYLAYER
100
AcDbLine
 10
210.0
 20
120.0
 30
0.0
 11
210.0
 21
160.0
 31
0.0
  0
LINE
  5
165
100
AcDbEntity
  8
0
 62
256
370
-1
 48
1.0
  6
BYLAYER
100
AcDbLine
 10
210.0
 20
160.0
 30
0.0
 11
170.0
 21
160.0
 31
0.0
  0
LINE
  5
166
100
AcDbEntity
  8
0
 62
256
370
-1
 48
1.0
  6
BYLAYER
100
AcDbLine
 10
230.0
 20
160.0
 30
0.0
 11
230.0
 21
120.0
 31
0.0
  0
LINE
  5
167
100
AcDbEntity
  8
0
 62
256
370
-1
 48
1.0
  6
BYLAYER
100
AcDbLine
 10
230.0
 20
120.0
 30
0.0
 11
270.0
 21
120.0
 31
0.0
  0
LINE
  5
168
100
AcDbEntity
  8
0
 62
256
370
-1
 48
1.0
  6
BYLAYER
100
AcDbLine
 10
270.0
 20
120.0
 30
0.0
 11
270.0
 21
160.0
 31
0.0
  0
LINE
  5
169
100
AcDbEntity
  8
0
 62
256
370
-1
 48
1.0
  6
BYLAYER
100
AcDbLine
 10
270.0
 20
160.0
 30
0.0
 11
230.0
 21
160.0
 31
0.0
  0
LINE
  5
16A
100
AcDbEntity
  8
0
 62
256
370
-1
 48
1.0
  6
BYLAYER
100
AcDbLine
 10
290.0
 20
110.0
 30
0.0
 11
110.0
 21
110.0
 31
0.0
  0
LINE
  5
16B
100
AcDbEntity
  8
0
 62
256
370
-1
 48
1.0
  6
BYLAYER
100
AcDbLine
 10
130.0
 20
90.0
 30
0.0
 11
130.0
 21
70.0
 31
0.0
  0
LINE
  5
16C
100
AcDbEntity
  8
0
 62
256
370
-1
 48
1.0
  6
BYLAYER
100
AcDbLine
 10
130.0
 20
70.0
 30
0.0
 11
150.0
 21
70.0
 31
0.0
  0
LINE
  5
16D
100
AcDbEntity
  8
0
 62
256
370
-1
 48
1.0
  6
BYLAYER
100
AcDbLine
 10
150.0
 20
70.0
 30
0.0
 11
150.0
 21
90.0
 31
0.0
  0
LINE
  5
16E
100
AcDbEntity
  8
0
 62
256
370
-1
 48
1.0
  6
BYLAYER
100
AcDbLine
 10
150.0
 20
90.0
 30
0.0
 11
130.0
 21
90.0
 31
0.0
  0
LINE
  5
16F
100
AcDbEntity
  8
0
 62
256
370
-1
 48
1.0
  6
BYLAYER
100
AcDbLine
 10
170.0
 20
90.0
 30
0.0
 11
170.0
 21
70.0
 31
0.0
  0
LINE
  5
170
100
AcDbEntity
  8
0
 62
256
370
-1
 48
1.0
  6
BYLAYER
100
AcDbLine
 10
170.0
 20
70.0
 30
0.0
 11
190.0
 21
70.0
 31
0.0
  0
LINE
  5
171
100
AcDbEntity
  8
0
 62
256
370
-1
 48
1.0
  6
BYLAYER
100
AcDbLine
 10
190.0
 20
70.0
 30
0.0
 11
190.0
 21
90.0
 31
0.0
  0
LINE
  5
172
100
AcDbEntity
  8
0
 62
256
370
-1
 48
1.0
  6
BYLAYER
100
AcDbLine
 10
190.0
 20
90.0
 30
0.0
 11
170.0
 21
90.0
 31
0.0
  0
LINE
  5
173
100
AcDbEntity
  8
0
 62
256
370
-1
 48
1.0
  6
BYLAYER
100
AcDbLine
 10
210.0
 20
90.0
 30
0.0
 11
210.0
 21
70.0
 31
0.0
  0
LINE
  5
174
100
AcDbEntity
  8
0
 62
256
370
-1
 48
1.0
  6
BYLAYER
100
AcDbLine
 10
210.0
 20
70.0
 30
0.0
 11
230.0
 21
70.0
 31
0.0
  0
LINE
  5
175
100
AcDbEntity
  8
0
 62
256
370
-1
 48
1.0
  6
BYLAYER
100
AcDbLine
 10
230.0
 20
70.0
 30
0.0
 11
230.0
 21
90.0
 31
0.0
  0
LINE
  5
176
100
AcDbEntity
  8
0
 62
256
370
-1
 48
1.0
  6
BYLAYER
100
AcDbLine
 10
230.0
 20
90.0
 30
0.0
 11
210.0
 21
90.0
 31
0.0
  0
LINE
  5
177
100
AcDbEntity
  8
0
 62
256
370
-1
 48
1.0
  6
BYLAYER
100
AcDbLine
 10
250.0
 20
90.0
 30
0.0
 11
250.0
 21
70.0
 31
0.0
  0
LINE
  5
178
100
AcDbEntity
  8
0
 62
256
370
-1
 48
1.0
  6
BYLAYER
100
AcDbLine
 10
250.0
 20
70.0
 30
0.0
 11
270.0
 21
70.0
 31
0.0
  0
LINE
  5
179
100
AcDbEntity
  8
0
 62
256
370
-1
 48
1.0
  6
BYLAYER
100
AcDbLine
 10
270.0
 20
70.0
 30
0.0
 11
270.0
 21
90.0
 31
0.0
  0
LINE
  5
17A
100
AcDbEntity
  8
0
 62
256
370
-1
 48
1.0
  6
BYLAYER
100
AcDbLine
 10
270.0
 20
90.0
 30
0.0
 11
250.0
 21
90.0
 31
0.0
  0
LINE
  5
17B
100
AcDbEntity
  8
0
 62
256
370
-1
 48
1.0
  6
BYLAYER
100
AcDbLine
 10
130.0
 20
50.0
 30
0.0
 11
130.0
 21
30.0
 31
0.0
  0
LINE
  5
17C
100
AcDbEntity
  8
0
 62
256
370
-1
 48
1.0
  6
BYLAYER
100
AcDbLine
 10
130.0
 20
30.0
 30
0.0
 11
150.0
 21
30.0
 31
0.0
  0
LINE
  5
17D
100
AcDbEntity
  8
0
 62
256
370
-1
 48
1.0
  6
BYLAYER
100
AcDbLine
 10
150.0
 20
30.0
 30
0.0
 11
150.0
 21
50.0
 31
0.0
  0
LINE
  5
17E
100
AcDbEntity
  8
0
 62
256
370
-1
 48
1.0
  6
BYLAYER
100
AcDbLine
 10
150.0
 20
50.0
 30
0.0
 11
130.0
 21
50.0
 31
0.0
  0
LINE
  5
17F
100
AcDbEntity
  8
0
 62
256
370
-1
 48
1.0
  6
BYLAYER
100
AcDbLine
 10
170.0
 20
50.0
 30
0.0
 11
170.0
 21
30.0
 31
0.0
  0
LINE
  5
180
100
AcDbEntity
  8
0
 62
256
370
-1
 48
1.0
  6
BYLAYER
100
AcDbLine
 10
170.0
 20
30.0
 30
0.0
 11
190.0
 21
30.0
 31
0.0
  0
LINE
  5
181
100
AcDbEntity
  8
0
 62
256
370
-1
 48
1.0
  6
BYLAYER
100
AcDbLine
 10
190.0
 20
30.0
 30
0.0
 11
190.0
 21
50.0
 31
0.0
  0
LINE
  5
182
100
AcDbEntity
  8
0
 62
256
370
-1
 48
1.0
  6
BYLAYER
100
AcDbLine
 10
190.0
 20
50.0
 30
0.0
 11
170.0
 21
50.0
 31
0.0
  0
LINE
  5
183
100
AcDbEntity
  8
0
 62
256
370
-1
 48
1.0
  6
BYLAYER
100
AcDbLine
 10
210.0
 20
50.0
 30
0.0
 11
210.0
 21
30.0
 31
0.0
  0
LINE
  5
184
100
AcDbEntity
  8
0
 62
256
370
-1
 48
1.0
  6
BYLAYER
100
AcDbLine
 10
210.0
 20
30.0
 30
0.0
 11
230.0
 21
30.0
 31
0.0
  0
LINE
  5
185
100
AcDbEntity
  8
0
 62
256
370
-1
 48
1.0
  6
BYLAYER
100
AcDbLine
 10
230.0
 20
30.0
 30
0.0
 11
230.0
 21
50.0
 31
0.0
  0
LINE
  5
186
100
AcDbEntity
  8
0
 62
256
370
-1
 48
1.0
  6
BYLAYER
100
AcDbLine
 10
230.0
 20
50.0
 30
0.0
 11
210.0
 21
50.0
 31
0.0
  0
LINE
  5
187
100
AcDbEntity
  8
0
 62
256
370
-1
 48
1.0
  6
BYLAYER
100
AcDbLine
 10
250.0
 20
50.0
 30
0.0
 11
250.0
 21
30.0
 31
0.0
  0
LINE
  5
188
100
AcDbEntity
  8
0
 62
256
370
-1
 48
1.0
  6
BYLAYER
100
AcDbLine
 10
250.0
 20
30.0
 30
0.0
 11
270.0
 21
30.0
 31
0.0
  0
LINE
  5
189
100
AcDbEntity
  8
0
 62
256
370
-1
 48
1.0
  6
BYLAYER
100
AcDbLine
 10
270.0
 20
30.0
 30
0.0
 11
270.0
 21
50.0
 31
0.0
  0
LINE
  5
18A
100
AcDbEntity
  8
0
 62
256
370
-1
 48
1.0
  6
BYLAYER
100
AcDbLine
 10
270.0
 20
50.0
 30
0.0
 11
250.0
 21
50.0
 31
0.0
  0
LINE
  5
18B
100
AcDbEntity
  8
0
 62
256
370
-1
 48
1.0
  6
BYLAYER
100
AcDbLine
 10
110.0
 20
110.0
 30
0.0
 11
110.0
 21
20.0
 31
0.0
  0
LINE
  5
18C
100
AcDbEntity
  8
0
 62
256
370
-1
 48
1.0
  6
BYLAYER
100
AcDbLine
 10
290.0
 20
110.0
 30
0.0
 11
290.0
 21
20.0
 31
0.0
  0
LINE
  5
18D
100
AcDbEntity
  8
0
 62
256
370
-1
 48
1.0
  6
BYLAYER
100
AcDbLine
 10
110.0
 20
20.0
 30
0.0
 11
110.0
 21
10.0
 31
0.0
  0
LINE
  5
18E
100
AcDbEntity
  8
0
 62
256
370
-1
 48
1.0
  6
BYLAYER
100
AcDbLine
 10
290.0
 20
20.0
 30
0.0
 11
290.0
 21
10.0
 31
0.0
  0
MTEXT
  5
18F
100
AcDbEntity
  8
0
 62
256
370
-1
 48
1.0
  6
BYLAYER
100
AcDbMText
 10
280.13579649804052
 20
126.1564892096769057
 30
0.0
 40
1.0
 41
0.0
 71
1
 72
1
  1
\C7;\H3;BUS CONTROL
  7
textstyle146
 50
90.0
 73
2
 44
1.0
  0
MTEXT
  5
190
100
AcDbEntity
  8
0
 62
256
370
-1
 48
1.0
  6
BYLAYER
100
AcDbMText
 10
174.0270634676408008
 20
12.3838743488771286
 30
0.0
 40
1.0
 41
0.0
 71
1
 72
1
  1
\C7;\H6;BUS ASSIGN
  7
textstyle147
 50
0.0
 73
2
 44
1.0
  0
LINE
  5
191
100
AcDbEntity
  8
0
 62
256
370
-1
 48
1.0
  6
BYLAYER
100
AcDbLine
 10
110.0
 20
10.0
 30
0.0
 11
170.0
 21
10.0
 31
0.0
  0
LINE
  5
192
100
AcDbEntity
  8
0
 62
256
370
-1
 48
1.0
  6
BYLAYER
100
AcDbLine
 10
290.0
 20
10.0
 30
0.0
 11
230.0
 21
10.0
 31
0.0
  0
LINE
  5
193
100
AcDbEntity
  8
0
 62
256
370
-1
 48
1.0
  6
BYLAYER
100
AcDbLine
 10
300.0
 20
10.0
 30
0.0
 11
300.0
 21
320.0
 31
0.0
  0
LINE
  5
194
100
AcDbEntity
  8
0
 62
256
370
-1
 48
1.0
  6
BYLAYER
100
AcDbLine
 10
300.0
 20
320.0
 30
0.0
 11
350.0
 21
320.0
 31
0.0
  0
LINE
  5
195
100
AcDbEntity
  8
0
 62
256
370
-1
 48
1.0
  6
BYLAYER
100
AcDbLine
 10
350.0
 20
320.0
 30
0.0
 11
350.0
 21
10.0
 31
0.0
  0
LINE
  5
196
100
AcDbEntity
  8
0
 62
256
370
-1
 48
1.0
  6
BYLAYER
100
AcDbLine
 10
110.0
 20
0.0
 30
0.0
 11
290.0
 21
0.0
 31
0.0
  0
LINE
  5
197
100
AcDbEntity
  8
0
 62
256
370
-1
 48
1.0
  6
BYLAYER
100
AcDbLine
 10
120.0
 20
-10.0
 30
0.0
 11
120.0
 21
-40.0
 31
0.0
  0
LINE
  5
198
100
AcDbEntity
  8
0
 62
256
370
-1
 48
1.0
  6
BYLAYER
100
AcDbLine
 10
120.0
 20
-40.0
 30
0.0
 11
150.0
 21
-40.0
 31
0.0
  0
LINE
  5
199
100
AcDbEntity
  8
0
 62
256
370
-1
 48
1.0
  6
BYLAYER
100
AcDbLine
 10
150.0
 20
-40.0
 30
0.0
 11
150.0
 21
-10.0
 31
0.0
  0
LINE
  5
19A
100
AcDbEntity
  8
0
 62
256
370
-1
 48
1.0
  6
BYLAYER
100
AcDbLine
 10
150.0
 20
-10.0
 30
0.0
 11
120.0
 21
-10.0
 31
0.0
  0
LINE
  5
19B
100
AcDbEntity
  8
0
 62
256
370
-1
 48
1.0
  6
BYLAYER
100
AcDbLine
 10
280.0
 20
-10.0
 30
0.0
 11
280.0
 21
-40.0
 31
0.0
  0
LINE
  5
19C
100
AcDbEntity
  8
0
 62
256
370
-1
 48
1.0
  6
BYLAYER
100
AcDbLine
 10
280.0
 20
-40.0
 30
0.0
 11
250.0
 21
-40.0
 31
0.0
  0
LINE
  5
19D
100
AcDbEntity
  8
0
 62
256
370
-1
 48
1.0
  6
BYLAYER
100
AcDbLine
 10
250.0
 20
-40.0
 30
0.0
 11
250.0
 21
-10.0
 31
0.0
  0
LINE
  5
19E
100
AcDbEntity
  8
0
 62
256
370
-1
 48
1.0
  6
BYLAYER
100
AcDbLine
 10
250.0
 20
-10.0
 30
0.0
 11
280.0
 21
-10.0
 31
0.0
  0
LINE
  5
19F
100
AcDbEntity
  8
0
 62
256
370
-1
 48
1.0
  6
BYLAYER
100
AcDbLine
 10
120.0
 20
-50.0
 30
0.0
 11
120.0
 21
-80.0
 31
0.0
  0
LINE
  5
1A0
100
AcDbEntity
  8
0
 62
256
370
-1
 48
1.0
  6
BYLAYER
100
AcDbLine
 10
120.0
 20
-80.0
 30
0.0
 11
150.0
 21
-80.0
 31
0.0
  0
LINE
  5
1A1
100
AcDbEntity
  8
0
 62
256
370
-1
 48
1.0
  6
BYLAYER
100
AcDbLine
 10
150.0
 20
-80.0
 30
0.0
 11
150.0
 21
-50.0
 31
0.0
  0
LINE
  5
1A2
100
AcDbEntity
  8
0
 62
256
370
-1
 48
1.0
  6
BYLAYER
100
AcDbLine
 10
150.0
 20
-50.0
 30
0.0
 11
120.0
 21
-50.0
 31
0.0
  0
LINE
  5
1A3
100
AcDbEntity
  8
0
 62
256
370
-1
 48
1.0
  6
BYLAYER
100
AcDbLine
 10
250.0
 20
-50.0
 30
0.0
 11
250.0
 21
-80.0
 31
0.0
  0
LINE
  5
1A4
100
AcDbEntity
  8
0
 62
256
370
-1
 48
1.0
  6
BYLAYER
100
AcDbLine
 10
250.0
 20
-80.0
 30
0.0
 11
280.0
 21
-80.0
 31
0.0
  0
LINE
  5
1A5
100
AcDbEntity
  8
0
 62
256
370
-1
 48
1.0
  6
BYLAYER
100
AcDbLine
 10
280.0
 20
-80.0
 30
0.0
 11
280.0
 21
-50.0
 31
0.0
  0
LINE
  5
1A6
100
AcDbEntity
  8
0
 62
256
370
-1
 48
1.0
  6
BYLAYER
100
AcDbLine
 10
280.0
 20
-50.0
 30
0.0
 11
250.0
 21
-50.0
 31
0.0
  0
LINE
  5
1A7
100
AcDbEntity
  8
0
 62
256
370
-1
 48
1.0
  6
BYLAYER
100
AcDbLine
 10
160.0
 20
-50.0
 30
0.0
 11
160.0
 21
-80.0
 31
0.0
  0
LINE
  5
1A8
100
AcDbEntity
  8
0
 62
256
370
-1
 48
1.0
  6
BYLAYER
100
AcDbLine
 10
160.0
 20
-80.0
 30
0.0
 11
190.0
 21
-80.0
 31
0.0
  0
LINE
  5
1A9
100
AcDbEntity
  8
0
 62
256
370
-1
 48
1.0
  6
BYLAYER
100
AcDbLine
 10
190.0
 20
-80.0
 30
0.0
 11
190.0
 21
-50.0
 31
0.0
  0
LINE
  5
1AA
100
AcDbEntity
  8
0
 62
256
370
-1
 48
1.0
  6
BYLAYER
100
AcDbLine
 10
190.0
 20
-50.0
 30
0.0
 11
160.0
 21
-50.0
 31
0.0
  0
LINE
  5
1AB
100
AcDbEntity
  8
0
 62
256
370
-1
 48
1.0
  6
BYLAYER
100
AcDbLine
 10
210.0
 20
-50.0
 30
0.0
 11
210.0
 21
-80.0
 31
0.0
  0
LINE
  5
1AC
100
AcDbEntity
  8
0
 62
256
370
-1
 48
1.0
  6
BYLAYER
100
AcDbLine
 10
210.0
 20
-80.0
 30
0.0
 11
240.0
 21
-80.0
 31
0.0
  0
LINE
  5
1AD
100
AcDbEntity
  8
0
 62
256
370
-1
 48
1.0
  6
BYLAYER
100
AcDbLine
 10
240.0
 20
-80.0
 30
0.0
 11
240.0
 21
-50.0
 31
0.0
  0
LINE
  5
1AE
100
AcDbEntity
  8
0
 62
256
370
-1
 48
1.0
  6
BYLAYER
100
AcDbLine
 10
240.0
 20
-50.0
 30
0.0
 11
210.0
 21
-50.0
 31
0.0
  0
LINE
  5
1AF
100
AcDbEntity
  8
0
 62
256
370
-1
 48
1.0
  6
BYLAYER
100
AcDbLine
 10
110.0
 20
0.0
 30
0.0
 11
110.0
 21
-90.0
 31
0.0
  0
LINE
  5
1B0
100
AcDbEntity
  8
0
 62
256
370
-1
 48
1.0
  6
BYLAYER
100
AcDbLine
 10
290.0
 20
0.0
 30
0.0
 11
290.0
 21
-90.0
 31
0.0
  0
LINE
  5
1B1
100
AcDbEntity
  8
0
 62
256
370
-1
 48
1.0
  6
BYLAYER
100
AcDbLine
 10
300.0
 20
10.0
 30
0.0
 11
300.0
 21
-90.0
 31
0.0
  0
LINE
  5
1B2
100
AcDbEntity
  8
0
 62
256
370
-1
 48
1.0
  6
BYLAYER
100
AcDbLine
 10
350.0
 20
-90.0
 30
0.0
 11
350.0
 21
10.0
 31
0.0
  0
MTEXT
  5
1B3
100
AcDbEntity
  8
0
 62
256
370
-1
 48
1.0
  6
BYLAYER
100
AcDbMText
 10
124.4585409228247812
 20
-63.3209684278680811
 30
0.0
 40
1.0
 41
0.0
 71
1
 72
1
  1
\C7;\H4;SELECT
  7
textstyle148
 50
0.0
 73
2
 44
1.0
  0
MTEXT
  5
1B4
100
AcDbEntity
  8
0
 62
256
370
-1
 48
1.0
  6
BYLAYER
100
AcDbMText
 10
169.9947969228247189
 20
-63.0721364278680738
 30
0.0
 40
1.0
 41
0.0
 71
1
 72
1
  1
\C7;\H4;ALL
  7
textstyle149
 50
0.0
 73
2
 44
1.0
  0
MTEXT
  5
1B5
100
AcDbEntity
  8
0
 62
256
370
-1
 48
1.0
  6
BYLAYER
100
AcDbMText
 10
221.5030209228246463
 20
-63.3209684278680811
 30
0.0
 40
1.0
 41
0.0
 71
1
 72
1
  1
\C7;\H4;TO
  7
textstyle150
 50
0.0
 73
2
 44
1.0
  0
MTEXT
  5
1B6
100
AcDbEntity
  8
0
 62
256
370
-1
 48
1.0
  6
BYLAYER
100
AcDbMText
 10
260.8184769228245727
 20
-63.0721364278680738
 30
0.0
 40
1.0
 41
0.0
 71
1
 72
1
  1
\C7;\H4;SET
  7
textstyle151
 50
0.0
 73
2
 44
1.0
  0
LINE
  5
1B7
100
AcDbEntity
  8
0
 62
256
370
-1
 48
1.0
  6
BYLAYER
100
AcDbLine
 10
120.0
 20
-90.0
 30
0.0
 11
120.0
 21
-120.0
 31
0.0
  0
LINE
  5
1B8
100
AcDbEntity
  8
0
 62
256
370
-1
 48
1.0
  6
BYLAYER
100
AcDbLine
 10
120.0
 20
-120.0
 30
0.0
 11
150.0
 21
-120.0
 31
0.0
  0
LINE
  5
1B9
100
AcDbEntity
  8
0
 62
256
370
-1
 48
1.0
  6
BYLAYER
100
AcDbLine
 10
150.0
 20
-120.0
 30
0.0
 11
150.0
 21
-90.0
 31
0.0
  0
LINE
  5
1BA
100
AcDbEntity
  8
0
 62
256
370
-1
 48
1.0
  6
BYLAYER
100
AcDbLine
 10
150.0
 20
-90.0
 30
0.0
 11
120.0
 21
-90.0
 31
0.0
  0
LINE
  5
1BB
100
AcDbEntity
  8
0
 62
256
370
-1
 48
1.0
  6
BYLAYER
100
AcDbLine
 10
250.0
 20
-90.0
 30
0.0
 11
250.0
 21
-120.0
 31
0.0
  0
LINE
  5
1BC
100
AcDbEntity
  8
0
 62
256
370
-1
 48
1.0
  6
BYLAYER
100
AcDbLine
 10
250.0
 20
-120.0
 30
0.0
 11
280.0
 21
-120.0
 31
0.0
  0
LINE
  5
1BD
100
AcDbEntity
  8
0
 62
256
370
-1
 48
1.0
  6
BYLAYER
100
AcDbLine
 10
280.0
 20
-120.0
 30
0.0
 11
280.0
 21
-90.0
 31
0.0
  0
LINE
  5
1BE
100
AcDbEntity
  8
0
 62
256
370
-1
 48
1.0
  6
BYLAYER
100
AcDbLine
 10
280.0
 20
-90.0
 30
0.0
 11
250.0
 21
-90.0
 31
0.0
  0
LINE
  5
1BF
100
AcDbEntity
  8
0
 62
256
370
-1
 48
1.0
  6
BYLAYER
100
AcDbLine
 10
110.0
 20
-90.0
 30
0.0
 11
110.0
 21
-130.0
 31
0.0
  0
LINE
  5
1C0
100
AcDbEntity
  8
0
 62
256
370
-1
 48
1.0
  6
BYLAYER
100
AcDbLine
 10
110.0
 20
-130.0
 30
0.0
 11
160.0
 21
-130.0
 31
0.0
  0
LINE
  5
1C1
100
AcDbEntity
  8
0
 62
256
370
-1
 48
1.0
  6
BYLAYER
100
AcDbLine
 10
290.0
 20
-90.0
 30
0.0
 11
290.0
 21
-130.0
 31
0.0
  0
LINE
  5
1C2
100
AcDbEntity
  8
0
 62
256
370
-1
 48
1.0
  6
BYLAYER
100
AcDbLine
 10
290.0
 20
-130.0
 30
0.0
 11
240.0
 21
-130.0
 31
0.0
  0
LINE
  5
1C3
100
AcDbEntity
  8
0
 62
256
370
-1
 48
1.0
  6
BYLAYER
100
AcDbLine
 10
300.0
 20
-90.0
 30
0.0
 11
300.0
 21
-130.0
 31
0.0
  0
LINE
  5
1C4
100
AcDbEntity
  8
0
 62
256
370
-1
 48
1.0
  6
BYLAYER
100
AcDbLine
 10
350.0
 20
-90.0
 30
0.0
 11
350.0
 21
-130.0
 31
0.0
  0
LINE
  5
1C5
100
AcDbEntity
  8
0
 62
256
370
-1
 48
1.0
  6
BYLAYER
100
AcDbLine
 10
360.0
 20
-120.0
 30
0.0
 11
360.0
 21
-130.0
 31
0.0
  0
LINE
  5
1C6
100
AcDbEntity
  8
0
 62
256
370
-1
 48
1.0
  6
BYLAYER
100
AcDbLine
 10
300.0
 20
-130.0
 30
0.0
 11
350.0
 21
-130.0
 31
0.0
  0
MTEXT
  5
1C7
100
AcDbEntity
  8
0
 62
256
370
-1
 48
1.0
  6
BYLAYER
100
AcDbMText
 10
162.0
 20
-127.0
 30
0.0
 40
1.0
 41
0.0
 71
1
 72
1
  1
\C7;\H6;CHANNEL SELECT
  7
textstyle12
 50
0.0
 73
2
 44
1.0
  0
MTEXT
  5
1C8
100
AcDbEntity
  8
0
 62
256
370
-1
 48
1.0
  6
BYLAYER
100
AcDbMText
 10
127.7321170134386108
 20
-103.1162689501342271
 30
0.0
 40
1.0
 41
0.0
 71
1
 72
1
  1
\C7;\H4;UNDO
  7
textstyle13
 50
0.0
 73
2
 44
1.0
  0
MTEXT
  5
1C9
100
AcDbEntity
  8
0
 62
256
370
-1
 48
1.0
  6
BYLAYER
100
AcDbMText
 10
256.1825131734384513
 20
-103.0117595101342118
 30
0.0
 40
1.0
 41
0.0
 71
1
 72
1
  1
\C7;\H4;CLEAR
  7
textstyle14
 50
0.0
 73
2
 44
1.0
  0
MTEXT
  5
1CA
100
AcDbEntity
  8
0
 62
256
370
-1
 48
1.0
  6
BYLAYER
100
AcDbMText
 10
133.474675295494194
 20
-21.6451436814085199
 30
0.0
 40
1.0
 41
0.0
 71
1
 72
1
  1
\C7;\H4;_
  7
textstyle15
 50
0.0
 73
2
 44
1.0
  0
MTEXT
  5
1CB
100
AcDbEntity
  8
0
 62
256
370
-1
 48
1.0
  6
BYLAYER
100
AcDbMText
 10
263.543861855493958
 20
-22.2900793614085373
 30
0.0
 40
1.0
 41
0.0
 71
1
 72
1
  1
\C7;\H4;+
  7
textstyle8
 50
0.0
 73
2
 44
1.0
  0
MTEXT
  5
1CC
100
AcDbEntity
  8
0
 62
256
370
-1
 48
1.0
  6
BYLAYER
100
AcDbMText
 10
136.3344387195757577
 20
81.3546471171266887
 30
0.0
 40
1.0
 41
0.0
 71
1
 72
1
  1
\C7;\H4;1-2
  7
textstyle9
 50
0.0
 73
2
 44
1.0
  0
MTEXT
  5
1CD
100
AcDbEntity
  8
0
 62
256
370
-1
 48
1.0
  6
BYLAYER
100
AcDbMText
 10
175.8987267195757056
 20
81.603479117126696
 30
0.0
 40
1.0
 41
0.0
 71
1
 72
1
  1
\C7;\H4;3-4
  7
textstyle10
 50
0.0
 73
2
 44
1.0
  0
MTEXT
  5
1CE
100
AcDbEntity
  8
0
 62
256
370
-1
 48
1.0
  6
BYLAYER
100
AcDbMText
 10
216.2095107195756611
 20
81.1058151171266957
 30
0.0
 40
1.0
 41
0.0
 71
1
 72
1
  1
\C7;\H4;5-6
  7
textstyle11
 50
0.0
 73
2
 44
1.0
  0
MTEXT
  5
1CF
100
AcDbEntity
  8
0
 62
256
370
-1
 48
1.0
  6
BYLAYER
100
AcDbMText
 10
256.271462719575652
 20
81.3546471171266887
 30
0.0
 40
1.0
 41
0.0
 71
1
 72
1
  1
\C7;\H4;7-8
  7
textstyle4
 50
0.0
 73
2
 44
1.0
  0
MTEXT
  5
1D0
100
AcDbEntity
  8
0
 62
256
370
-1
 48
1.0
  6
BYLAYER
100
AcDbMText
 10
135.339110719575757
 20
41.0438631171267474
 30
0.0
 40
1.0
 41
0.0
 71
1
 72
1
  1
\C7;\H4;9-10
  7
textstyle5
 50
0.0
 73
2
 44
1.0
  0
MTEXT
  5
1D1
100
AcDbEntity
  8
0
 62
256
370
-1
 48
1.0
  6
BYLAYER
100
AcDbMText
 10
172.9127427195757036
 20
41.2926951171267405
 30
0.0
 40
1.0
 41
0.0
 71
1
 72
1
  1
\C7;\H4;11-12
  7
textstyle6
 50
0.0
 73
2
 44
1.0
  0
MTEXT
  5
1D2
100
AcDbEntity
  8
0
 62
256
370
-1
 48
1.0
  6
BYLAYER
100
AcDbMText
 10
212.7258627195756731
 20
41.2926951171267405
 30
0.0
 40
1.0
 41
0.0
 71
1
 72
1
  1
\C7;\H4;13-14
  7
textstyle7
 50
0.0
 73
2
 44
1.0
  0
MTEXT
  5
1D3
100
AcDbEntity
  8
0
 62
256
370
-1
 48
1.0
  6
BYLAYER
100
AcDbMText
 10
253.0366467195756286
 20
41.2926951171267405
 30
0.0
 40
1.0
 41
0.0
 71
1
 72
1
  1
\C7;\H4;15-16
  7
textstyle28
 50
0.0
 73
2
 44
1.0
  0
MTEXT
  5
1D4
100
AcDbEntity
  8
0
 62
256
370
-1
 48
1.0
  6
BYLAYER
100
AcDbMText
 10
125.0721785011464391
 20
141.8052342103643468
 30
0.0
 40
1.0
 41
0.0
 71
1
 72
1
  1
\C7;\H4;DIR
  7
textstyle29
 50
0.0
 73
2
 44
1.0
  0
MTEXT
  5
1D5
100
AcDbEntity
  8
0
 62
256
370
-1
 48
1.0
  6
BYLAYER
100
AcDbMText
 10
184.5529797811463482
 20
141.4469161303643432
 30
0.0
 40
1.0
 41
0.0
 71
1
 72
1
  1
\C7;\H4;PAN
  7
textstyle30
 50
0.0
 73
2
 44
1.0
  0
MTEXT
  5
1D6
100
AcDbEntity
  8
0
 62
256
370
-1
 48
1.0
  6
BYLAYER
100
AcDbMText
 10
244.3920991411462751
 20
140.7302799703643359
 30
0.0
 40
1.0
 41
0.0
 71
1
 72
1
  1
\C7;\H4;SUB
  7
textstyle31
 50
0.0
 73
2
 44
1.0
  0
MTEXT
  5
1D7
100
AcDbEntity
  8
0
 62
256
370
-1
 48
1.0
  6
BYLAYER
100
AcDbMText
 10
123.0293068347373406
 20
185.8321949253167986
 30
0.0
 40
1.0
 41
0.0
 71
1
 72
1
  1
\C7;\H2;INSERT IN
  7
textstyle24
 50
0.0
 73
2
 44
1.0
  0
MTEXT
  5
1D8
100
AcDbEntity
  8
0
 62
256
370
-1
 48
1.0
  6
BYLAYER
100
AcDbMText
 10
166.574906834737277
 20
186.0049949253167938
 30
0.0
 40
1.0
 41
0.0
 71
1
 72
1
  1
\C7;\H2;EQ IN
  7
textstyle25
 50
0.0
 73
2
 44
1.0
  0
MTEXT
  5
1D9
100
AcDbEntity
  8
0
 62
256
370
-1
 48
1.0
  6
BYLAYER
100
AcDbMText
 10
121.0
 20
226.0
 30
0.0
 40
1.0
 41
0.0
 71
1
 72
1
  1
\C7;\H2;DYNPOST EQ
  7
textstyle26
 50
0.0
 73
2
 44
1.0
  0
MTEXT
  5
1DA
100
AcDbEntity
  8
0
 62
256
370
-1
 48
1.0
  6
BYLAYER
100
AcDbMText
 10
161.0
 20
226.0
 30
0.0
 40
1.0
 41
0.0
 71
1
 72
1
  1
\C7;\H2;INS POST EQ
  7
textstyle27
 50
0.0
 73
2
 44
1.0
  0
MTEXT
  5
1DB
100
AcDbEntity
  8
0
 62
256
370
-1
 48
1.0
  6
BYLAYER
100
AcDbMText
 10
213.0
 20
227.0
 30
0.0
 40
1.0
 41
0.0
 71
1
 72
1
  1
\C7;\H2;FILTER TO \P   INPUT
  7
textstyle20
 50
0.0
 73
2
 44
1.0
  0
MTEXT
  5
1DC
100
AcDbEntity
  8
0
 62
256
370
-1
 48
1.0
  6
BYLAYER
100
AcDbMText
 10
127.0
 20
266.0
 30
0.0
 40
1.0
 41
0.0
 71
1
 72
1
  1
\C7;\H2;MIC
  7
textstyle21
 50
0.0
 73
2
 44
1.0
  0
MTEXT
  5
1DD
100
AcDbEntity
  8
0
 62
256
370
-1
 48
1.0
  6
BYLAYER
100
AcDbMText
 10
167.0
 20
266.0
 30
0.0
 40
1.0
 41
0.0
 71
1
 72
1
  1
\C7;\H2;LINE
  7
textstyle22
 50
0.0
 73
2
 44
1.0
  0
MTEXT
  5
1DE
100
AcDbEntity
  8
0
 62
256
370
-1
 48
1.0
  6
BYLAYER
100
AcDbMText
 10
217.0
 20
266.0
 30
0.0
 40
1.0
 41
0.0
 71
1
 72
1
  1
\C7;\H2;BUS
  7
textstyle23
 50
0.0
 73
2
 44
1.0
  0
MTEXT
  5
1DF
100
AcDbEntity
  8
0
 62
256
370
-1
 48
1.0
  6
BYLAYER
100
AcDbMText
 10
256.0
 20
266.0
 30
0.0
 40
1.0
 41
0.0
 71
1
 72
1
  1
\C7;\H2;SPLIT
  7
textstyle16
 50
0.0
 73
2
 44
1.0
  0
MTEXT
  5
1E0
100
AcDbEntity
  8
0
 62
256
370
-1
 48
1.0
  6
BYLAYER
100
AcDbMText
 10
122.5794078850439348
 20
305.7586625284068305
 30
0.0
 40
1.0
 41
0.0
 71
1
 72
1
  1
\C7;\H2;INPUT FLIP
  7
textstyle17
 50
0.0
 73
2
 44
1.0
  0
MTEXT
  5
1E1
100
AcDbEntity
  8
0
 62
256
370
-1
 48
1.0
  6
BYLAYER
100
AcDbMText
 10
167.0
 20
306.0
 30
0.0
 40
1.0
 41
0.0
 71
1
 72
1
  1
\C7;\H2;-48V
  7
textstyle18
 50
0.0
 73
2
 44
1.0
  0
MTEXT
  5
1E2
100
AcDbEntity
  8
0
 62
256
370
-1
 48
1.0
  6
BYLAYER
100
AcDbMText
 10
215.0
 20
308.0
 30
0.0
 40
1.0
 41
0.0
 71
1
 72
1
  1
\C7;\H2;  SOLO \PISOLATE
  7
textstyle19
 50
0.0
 73
2
 44
1.0
  0
LINE
  5
1E3
100
AcDbEntity
  8
0
 62
256
370
-1
 48
1.0
  6
BYLAYER
100
AcDbLine
 10
90.0
 20
-130.0
 30
0.0
 11
90.0
 21
320.0
 31
0.0
  0
LINE
  5
1E4
100
AcDbEntity
  8
0
 62
256
370
-1
 48
1.0
  6
BYLAYER
100
AcDbLine
 10
-500.0
 20
320.0
 30
0.0
 11
-500.0
 21
-130.0
 31
0.0
  0
CIRCLE
  5
1E5
100
AcDbEntity
  8
0
 62
256
370
-1
 48
1.0
  6
BYLAYER
100
AcDbCircle
 10
-200.0
 20
106.1483519286549608
 30
0.0
 40
53.8516480713450392
  0
LINE
  5
1E6
100
AcDbEntity
  8
0
 62
256
370
-1
 48
1.0
  6
BYLAYER
100
AcDbLine
 10
-220.0
 20
146.1483519286549608
 30
0.0
 11
-200.0
 21
106.1483519286549608
 31
0.0
  0
LINE
  5
1E7
100
AcDbEntity
  8
0
 62
256
370
-1
 48
1.0
  6
BYLAYER
100
AcDbLine
 10
-290.0
 20
0.0
 30
0.0
 11
-290.0
 21
-80.0
 31
0.0
  0
LINE
  5
1E8
100
AcDbEntity
  8
0
 62
256
370
-1
 48
1.0
  6
BYLAYER
100
AcDbLine
 10
-190.0
 20
0.0
 30
0.0
 11
-190.0
 21
-80.0
 31
0.0
  0
LINE
  5
1E9
100
AcDbEntity
  8
0
 62
256
370
-1
 48
1.0
  6
BYLAYER
100
AcDbLine
 10
-290.0
 20
-80.0
 30
0.0
 11
-220.0
 21
-80.0
 31
0.0
  0
LINE
  5
1EA
100
AcDbEntity
  8
0
 62
256
370
-1
 48
1.0
  6
BYLAYER
100
AcDbLine
 10
-190.0
 20
-80.0
 30
0.0
 11
-120.0
 21
-80.0
 31
0.0
  0
LINE
  5
1EB
100
AcDbEntity
  8
0
 62
256
370
-1
 48
1.0
  6
BYLAYER
100
AcDbLine
 10
-290.0
 20
0.0
 30
0.0
 11
-210.0
 21
0.0
 31
0.0
  0
LINE
  5
1EC
100
AcDbEntity
  8
0
 62
256
370
-1
 48
1.0
  6
BYLAYER
100
AcDbLine
 10
-190.0
 20
0.0
 30
0.0
 11
-110.0
 21
0.0
 31
0.0
  0
LINE
  5
1ED
100
AcDbEntity
  8
0
 62
256
370
-1
 48
1.0
  6
BYLAYER
100
AcDbLine
 10
-210.0
 20
0.0
 30
0.0
 11
-210.0
 21
-80.0
 31
0.0
  0
LINE
  5
1EE
100
AcDbEntity
  8
0
 62
256
370
-1
 48
1.0
  6
BYLAYER
100
AcDbLine
 10
-110.0
 20
0.0
 30
0.0
 11
-110.0
 21
-80.0
 31
0.0
  0
LINE
  5
1EF
100
AcDbEntity
  8
0
 62
256
370
-1
 48
1.0
  6
BYLAYER
100
AcDbLine
 10
-210.0
 20
-80.0
 30
0.0
 11
-220.0
 21
-80.0
 31
0.0
  0
LINE
  5
1F0
100
AcDbEntity
  8
0
 62
256
370
-1
 48
1.0
  6
BYLAYER
100
AcDbLine
 10
-110.0
 20
-80.0
 30
0.0
 11
-120.0
 21
-80.0
 31
0.0
  0
MTEXT
  5
1F1
100
AcDbEntity
  8
0
 62
256
370
-1
 48
1.0
  6
BYLAYER
100
AcDbMText
 10
-261.5384401342637943
 20
-36.5432289304303026
 30
0.0
 40
1.0
 41
0.0
 71
1
 72
1
  1
\C7;\H10;DIM
  7
textstyle32
 50
0.0
 73
2
 44
1.0
  0
MTEXT
  5
1F2
100
AcDbEntity
  8
0
 62
256
370
-1
 48
1.0
  6
BYLAYER
100
AcDbMText
 10
-164.7925585342639465
 20
-37.2598650904303099
 30
0.0
 40
1.0
 41
0.0
 71
1
 72
1
  1
\C7;\H10;CUT
  7
textstyle33
 50
0.0
 73
2
 44
1.0
  0
CIRCLE
  5
1F3
100
AcDbEntity
  8
0
 62
256
370
-1
 48
1.0
  6
BYLAYER
100
AcDbCircle
 10
-405.0
 20
100.0
 30
0.0
 40
33.5410196624968435
  0
MTEXT
  5
1F4
100
AcDbEntity
  8
0
 62
256
370
-1
 48
1.0
  6
BYLAYER
100
AcDbMText
 10
-260.0
 20
40.0
 30
0.0
 40
1.0
 41
0.0
 71
1
 72
1
  1
\C7;\H10;MASTER VOLUME
  7
textstyle35
 50
0.0
 73
2
 44
1.0
  0
MTEXT
  5
1F5
100
AcDbEntity
  8
0
 62
256
370
-1
 48
1.0
  6
BYLAYER
100
AcDbMText
 10
-259.6068993418132891
 20
234.5597436849596988
 30
0.0
 40
1.0
 41
0.0
 71
1
 72
1
  1
\C7;\H10;MONITOR SELECT
  7
textstyle36
 50
0.0
 73
2
 44
1.0
  0
LINE
  5
1F6
100
AcDbEntity
  8
0
 62
256
370
-1
 48
1.0
  6
BYLAYER
100
AcDbLine
 10
-420.0
 20
120.0
 30
0.0
 11
-405.0
 21
100.0
 31
0.0
  0
LINE
  5
1F7
100
AcDbEntity
  8
0
 62
256
370
-1
 48
1.0
  6
BYLAYER
100
AcDbLine
 10
-450.0
 20
150.0
 30
0.0
 11
-370.0
 21
150.0
 31
0.0
  0
LINE
  5
1F8
100
AcDbEntity
  8
0
 62
256
370
-1
 48
1.0
  6
BYLAYER
100
AcDbLine
 10
-370.0
 20
180.0
 30
0.0
 11
-450.0
 21
180.0
 31
0.0
  0
LINE
  5
1F9
100
AcDbEntity
  8
0
 62
256
370
-1
 48
1.0
  6
BYLAYER
100
AcDbLine
 10
-450.0
 20
180.0
 30
0.0
 11
-450.0
 21
150.0
 31
0.0
  0
LINE
  5
1FA
100
AcDbEntity
  8
0
 62
256
370
-1
 48
1.0
  6
BYLAYER
100
AcDbLine
 10
-350.0
 20
150.0
 30
0.0
 11
-350.0
 21
180.0
 31
0.0
  0
LINE
  5
1FB
100
AcDbEntity
  8
0
 62
256
370
-1
 48
1.0
  6
BYLAYER
100
AcDbLine
 10
-350.0
 20
180.0
 30
0.0
 11
-370.0
 21
180.0
 31
0.0
  0
LINE
  5
1FC
100
AcDbEntity
  8
0
 62
256
370
-1
 48
1.0
  6
BYLAYER
100
AcDbLine
 10
-370.0
 20
150.0
 30
0.0
 11
-350.0
 21
150.0
 31
0.0
  0
MTEXT
  5
1FD
100
AcDbEntity
  8
0
 62
256
370
-1
 48
1.0
  6
BYLAYER
100
AcDbMText
 10
-420.0738738662586229
 20
195.229740612847138
 30
0.0
 40
1.0
 41
0.0
 71
1
 72
1
  1
\C7;\H10;LEVEL
  7
textstyle34
 50
0.0
 73
2
 44
1.0
  0
LINE
  5
1FE
100
AcDbEntity
  8
0
 62
256
370
-1
 48
1.0
  6
BYLAYER
100
AcDbLine
 10
-270.0
 20
230.0
 30
0.0
 11
-480.0
 21
230.0
 31
0.0
  0
LINE
  5
1FF
100
AcDbEntity
  8
0
 62
256
370
-1
 48
1.0
  6
BYLAYER
100
AcDbLine
 10
-480.0
 20
230.0
 30
0.0
 11
-480.0
 21
370.0
 31
0.0
  0
LINE
  5
200
100
AcDbEntity
  8
0
 62
256
370
-1
 48
1.0
  6
BYLAYER
100
AcDbLine
 10
-480.0
 20
370.0
 30
0.0
 11
-480.0
 21
370.0
 31
0.0
  0
LINE
  5
201
100
AcDbEntity
  8
0
 62
256
370
-1
 48
1.0
  6
BYLAYER
100
AcDbLine
 10
-120.0
 20
230.0
 30
0.0
 11
70.0
 21
230.0
 31
0.0
  0
LINE
  5
202
100
AcDbEntity
  8
0
 62
256
370
-1
 48
1.0
  6
BYLAYER
100
AcDbLine
 10
70.0
 20
230.0
 30
0.0
 11
70.0
 21
370.0
 31
0.0
  0
LINE
  5
203
100
AcDbEntity
  8
0
 62
256
370
-1
 48
1.0
  6
BYLAYER
100
AcDbLine
 10
-480.0
 20
370.0
 30
0.0
 11
-480.0
 21
700.0
 31
0.0
  0
LINE
  5
204
100
AcDbEntity
  8
0
 62
256
370
-1
 48
1.0
  6
BYLAYER
100
AcDbLine
 10
70.0
 20
700.0
 30
0.0
 11
70.0
 21
370.0
 31
0.0
  0
LINE
  5
205
100
AcDbEntity
  8
0
 62
256
370
-1
 48
1.0
  6
BYLAYER
100
AcDbLine
 10
-500.0
 20
320.0
 30
0.0
 11
-500.0
 21
710.0
 31
0.0
  0
LINE
  5
206
100
AcDbEntity
  8
0
 62
256
370
-1
 48
1.0
  6
BYLAYER
100
AcDbLine
 10
-500.0
 20
710.0
 30
0.0
 11
-500.0
 21
710.0
 31
0.0
  0
LINE
  5
207
100
AcDbEntity
  8
0
 62
256
370
-1
 48
1.0
  6
BYLAYER
100
AcDbLine
 10
90.0
 20
320.0
 30
0.0
 11
90.0
 21
700.0
 31
0.0
  0
LINE
  5
208
100
AcDbEntity
  8
0
 62
256
370
-1
 48
1.0
  6
BYLAYER
100
AcDbLine
 10
-70.0
 20
-60.0
 30
0.0
 11
-70.0
 21
-80.0
 31
0.0
  0
LINE
  5
209
100
AcDbEntity
  8
0
 62
256
370
-1
 48
1.0
  6
BYLAYER
100
AcDbLine
 10
-445.0
 20
-60.0
 30
0.0
 11
-445.0
 21
-80.0
 31
0.0
  0
LINE
  5
20A
100
AcDbEntity
  8
0
 62
256
370
-1
 48
1.0
  6
BYLAYER
100
AcDbLine
 10
-70.0
 20
-80.0
 30
0.0
 11
-30.0
 21
-80.0
 31
0.0
  0
LINE
  5
20B
100
AcDbEntity
  8
0
 62
256
370
-1
 48
1.0
  6
BYLAYER
100
AcDbLine
 10
-445.0
 20
-80.0
 30
0.0
 11
-405.0
 21
-80.0
 31
0.0
  0
LINE
  5
20C
100
AcDbEntity
  8
0
 62
256
370
-1
 48
1.0
  6
BYLAYER
100
AcDbLine
 10
-30.0
 20
-80.0
 30
0.0
 11
-30.0
 21
-60.0
 31
0.0
  0
LINE
  5
20D
100
AcDbEntity
  8
0
 62
256
370
-1
 48
1.0
  6
BYLAYER
100
AcDbLine
 10
-405.0
 20
-80.0
 30
0.0
 11
-405.0
 21
-60.0
 31
0.0
  0
LINE
  5
20E
100
AcDbEntity
  8
0
 62
256
370
-1
 48
1.0
  6
BYLAYER
100
AcDbLine
 10
-30.0
 20
-60.0
 30
0.0
 11
-70.0
 21
-60.0
 31
0.0
  0
LINE
  5
20F
100
AcDbEntity
  8
0
 62
256
370
-1
 48
1.0
  6
BYLAYER
100
AcDbLine
 10
-405.0
 20
-60.0
 30
0.0
 11
-445.0
 21
-60.0
 31
0.0
  0
LINE
  5
210
100
AcDbEntity
  8
0
 62
256
370
-1
 48
1.0
  6
BYLAYER
100
AcDbLine
 10
-70.0
 20
-30.0
 30
0.0
 11
-70.0
 21
-50.0
 31
0.0
  0
LINE
  5
211
100
AcDbEntity
  8
0
 62
256
370
-1
 48
1.0
  6
BYLAYER
100
AcDbLine
 10
-445.0
 20
-30.0
 30
0.0
 11
-445.0
 21
-50.0
 31
0.0
  0
LINE
  5
212
100
AcDbEntity
  8
0
 62
256
370
-1
 48
1.0
  6
BYLAYER
100
AcDbLine
 10
-70.0
 20
-50.0
 30
0.0
 11
-30.0
 21
-50.0
 31
0.0
  0
LINE
  5
213
100
AcDbEntity
  8
0
 62
256
370
-1
 48
1.0
  6
BYLAYER
100
AcDbLine
 10
-445.0
 20
-50.0
 30
0.0
 11
-405.0
 21
-50.0
 31
0.0
  0
LINE
  5
214
100
AcDbEntity
  8
0
 62
256
370
-1
 48
1.0
  6
BYLAYER
100
AcDbLine
 10
-30.0
 20
-50.0
 30
0.0
 11
-30.0
 21
-30.0
 31
0.0
  0
LINE
  5
215
100
AcDbEntity
  8
0
 62
256
370
-1
 48
1.0
  6
BYLAYER
100
AcDbLine
 10
-405.0
 20
-50.0
 30
0.0
 11
-405.0
 21
-30.0
 31
0.0
  0
LINE
  5
216
100
AcDbEntity
  8
0
 62
256
370
-1
 48
1.0
  6
BYLAYER
100
AcDbLine
 10
-30.0
 20
-30.0
 30
0.0
 11
-70.0
 21
-30.0
 31
0.0
  0
LINE
  5
217
100
AcDbEntity
  8
0
 62
256
370
-1
 48
1.0
  6
BYLAYER
100
AcDbLine
 10
-405.0
 20
-30.0
 30
0.0
 11
-445.0
 21
-30.0
 31
0.0
  0
LINE
  5
218
100
AcDbEntity
  8
0
 62
256
370
-1
 48
1.0
  6
BYLAYER
100
AcDbLine
 10
-70.0
 20
-20.0
 30
0.0
 11
-70.0
 21
0.0
 31
0.0
  0
LINE
  5
219
100
AcDbEntity
  8
0
 62
256
370
-1
 48
1.0
  6
BYLAYER
100
AcDbLine
 10
-445.0
 20
-20.0
 30
0.0
 11
-445.0
 21
0.0
 31
0.0
  0
LINE
  5
21A
100
AcDbEntity
  8
0
 62
256
370
-1
 48
1.0
  6
BYLAYER
100
AcDbLine
 10
-70.0
 20
0.0
 30
0.0
 11
-30.0
 21
0.0
 31
0.0
  0
LINE
  5
21B
100
AcDbEntity
  8
0
 62
256
370
-1
 48
1.0
  6
BYLAYER
100
AcDbLine
 10
-445.0
 20
0.0
 30
0.0
 11
-405.0
 21
0.0
 31
0.0
  0
LINE
  5
21C
100
AcDbEntity
  8
0
 62
256
370
-1
 48
1.0
  6
BYLAYER
100
AcDbLine
 10
-30.0
 20
0.0
 30
0.0
 11
-30.0
 21
-20.0
 31
0.0
  0
LINE
  5
21D
100
AcDbEntity
  8
0
 62
256
370
-1
 48
1.0
  6
BYLAYER
100
AcDbLine
 10
-405.0
 20
0.0
 30
0.0
 11
-405.0
 21
-20.0
 31
0.0
  0
LINE
  5
21E
100
AcDbEntity
  8
0
 62
256
370
-1
 48
1.0
  6
BYLAYER
100
AcDbLine
 10
-30.0
 20
-20.0
 30
0.0
 11
-70.0
 21
-20.0
 31
0.0
  0
LINE
  5
21F
100
AcDbEntity
  8
0
 62
256
370
-1
 48
1.0
  6
BYLAYER
100
AcDbLine
 10
-405.0
 20
-20.0
 30
0.0
 11
-445.0
 21
-20.0
 31
0.0
  0
MTEXT
  5
220
100
AcDbEntity
  8
0
 62
256
370
-1
 48
1.0
  6
BYLAYER
100
AcDbMText
 10
-63.2777160304268023
 20
-8.4786364457196015
 30
0.0
 40
1.0
 41
0.0
 71
1
 72
1
  1
\C7;\H3;SOLO CLEAR
  7
textstyle0
 50
0.0
 73
2
 44
1.0
  0
MTEXT
  5
221
100
AcDbEntity
  8
0
 62
256
370
-1
 48
1.0
  6
BYLAYER
100
AcDbMText
 10
-427.8784875187774333
 20
-9.2202732783239583
 30
0.0
 40
1.0
 41
0.0
 71
1
 72
1
  1
\C7;\H3;MIX
  7
textstyle1
 50
0.0
 73
2
 44
1.0
  0
MTEXT
  5
222
100
AcDbEntity
  8
0
 62
256
370
-1
 48
1.0
  6
BYLAYER
100
AcDbMText
 10
-55.8127560304268115
 20
-38.753196445719567
 30
0.0
 40
1.0
 41
0.0
 71
1
 72
1
  1
\C7;\H3;MONO
  7
textstyle2
 50
0.0
 73
2
 44
1.0
  0
MTEXT
  5
223
100
AcDbEntity
  8
0
 62
256
370
-1
 48
1.0
  6
BYLAYER
100
AcDbMText
 10
-57.8863560304268105
 20
-68.6130364457195299
 30
0.0
 40
1.0
 41
0.0
 71
1
 72
1
  1
\C7;\H3;STEREO
  7
textstyle3
 50
0.0
 73
2
 44
1.0
  0
LINE
  5
224
100
AcDbEntity
  8
0
 62
256
370
-1
 48
1.0
  6
BYLAYER
100
AcDbLine
 10
-460.0
 20
690.0
 30
0.0
 11
-460.0
 21
640.0
 31
0.0
  0
LINE
  5
225
100
AcDbEntity
  8
0
 62
256
370
-1
 48
1.0
  6
BYLAYER
100
AcDbLine
 10
-225.0
 20
685.0
 30
0.0
 11
-225.0
 21
635.0
 31
0.0
  0
LINE
  5
226
100
AcDbEntity
  8
0
 62
256
370
-1
 48
1.0
  6
BYLAYER
100
AcDbLine
 10
-355.0
 20
685.0
 30
0.0
 11
-355.0
 21
635.0
 31
0.0
  0
LINE
  5
227
100
AcDbEntity
  8
0
 62
256
370
-1
 48
1.0
  6
BYLAYER
100
AcDbLine
 10
-95.0
 20
685.0
 30
0.0
 11
-95.0
 21
635.0
 31
0.0
  0
LINE
  5
228
100
AcDbEntity
  8
0
 62
256
370
-1
 48
1.0
  6
BYLAYER
100
AcDbLine
 10
-15.0
 20
615.0
 30
0.0
 11
-15.0
 21
565.0
 31
0.0
  0
LINE
  5
229
100
AcDbEntity
  8
0
 62
256
370
-1
 48
1.0
  6
BYLAYER
100
AcDbLine
 10
-435.0
 20
615.0
 30
0.0
 11
-435.0
 21
565.0
 31
0.0
  0
LINE
  5
22A
100
AcDbEntity
  8
0
 62
256
370
-1
 48
1.0
  6
BYLAYER
100
AcDbLine
 10
-475.0
 20
495.0
 30
0.0
 11
-475.0
 21
445.0
 31
0.0
  0
LINE
  5
22B
100
AcDbEntity
  8
0
 62
256
370
-1
 48
1.0
  6
BYLAYER
100
AcDbLine
 10
15.0
 20
495.0
 30
0.0
 11
15.0
 21
445.0
 31
0.0
  0
LINE
  5
22C
100
AcDbEntity
  8
0
 62
256
370
-1
 48
1.0
  6
BYLAYER
100
AcDbLine
 10
-355.0
 20
295.0
 30
0.0
 11
-355.0
 21
245.0
 31
0.0
  0
LINE
  5
22D
100
AcDbEntity
  8
0
 62
256
370
-1
 48
1.0
  6
BYLAYER
100
AcDbLine
 10
-95.0
 20
295.0
 30
0.0
 11
-95.0
 21
245.0
 31
0.0
  0
LINE
  5
22E
100
AcDbEntity
  8
0
 62
256
370
-1
 48
1.0
  6
BYLAYER
100
AcDbLine
 10
5.0
 20
685.0
 30
0.0
 11
5.0
 21
635.0
 31
0.0
  0
LINE
  5
22F
100
AcDbEntity
  8
0
 62
256
370
-1
 48
1.0
  6
BYLAYER
100
AcDbLine
 10
-315.0
 20
595.0
 30
0.0
 11
-315.0
 21
545.0
 31
0.0
  0
LINE
  5
230
100
AcDbEntity
  8
0
 62
256
370
-1
 48
1.0
  6
BYLAYER
100
AcDbLine
 10
-115.0
 20
595.0
 30
0.0
 11
-115.0
 21
545.0
 31
0.0
  0
LINE
  5
231
100
AcDbEntity
  8
0
 62
256
370
-1
 48
1.0
  6
BYLAYER
100
AcDbLine
 10
-365.0
 20
495.0
 30
0.0
 11
-365.0
 21
445.0
 31
0.0
  0
LINE
  5
232
100
AcDbEntity
  8
0
 62
256
370
-1
 48
1.0
  6
BYLAYER
100
AcDbLine
 10
-75.0
 20
495.0
 30
0.0
 11
-75.0
 21
445.0
 31
0.0
  0
LINE
  5
233
100
AcDbEntity
  8
0
 62
256
370
-1
 48
1.0
  6
BYLAYER
100
AcDbLine
 10
-315.0
 20
395.0
 30
0.0
 11
-315.0
 21
345.0
 31
0.0
  0
LINE
  5
234
100
AcDbEntity
  8
0
 62
256
370
-1
 48
1.0
  6
BYLAYER
100
AcDbLine
 10
-115.0
 20
395.0
 30
0.0
 11
-115.0
 21
345.0
 31
0.0
  0
LINE
  5
235
100
AcDbEntity
  8
0
 62
256
370
-1
 48
1.0
  6
BYLAYER
100
AcDbLine
 10
-460.0
 20
640.0
 30
0.0
 11
-410.0
 21
640.0
 31
0.0
  0
LINE
  5
236
100
AcDbEntity
  8
0
 62
256
370
-1
 48
1.0
  6
BYLAYER
100
AcDbLine
 10
-225.0
 20
635.0
 30
0.0
 11
-175.0
 21
635.0
 31
0.0
  0
LINE
  5
237
100
AcDbEntity
  8
0
 62
256
370
-1
 48
1.0
  6
BYLAYER
100
AcDbLine
 10
-355.0
 20
635.0
 30
0.0
 11
-305.0
 21
635.0
 31
0.0
  0
LINE
  5
238
100
AcDbEntity
  8
0
 62
256
370
-1
 48
1.0
  6
BYLAYER
100
AcDbLine
 10
-95.0
 20
635.0
 30
0.0
 11
-45.0
 21
635.0
 31
0.0
  0
LINE
  5
239
100
AcDbEntity
  8
0
 62
256
370
-1
 48
1.0
  6
BYLAYER
100
AcDbLine
 10
-15.0
 20
565.0
 30
0.0
 11
35.0
 21
565.0
 31
0.0
  0
LINE
  5
23A
100
AcDbEntity
  8
0
 62
256
370
-1
 48
1.0
  6
BYLAYER
100
AcDbLine
 10
-435.0
 20
565.0
 30
0.0
 11
-385.0
 21
565.0
 31
0.0
  0
LINE
  5
23B
100
AcDbEntity
  8
0
 62
256
370
-1
 48
1.0
  6
BYLAYER
100
AcDbLine
 10
-475.0
 20
445.0
 30
0.0
 11
-425.0
 21
445.0
 31
0.0
  0
LINE
  5
23C
100
AcDbEntity
  8
0
 62
256
370
-1
 48
1.0
  6
BYLAYER
100
AcDbLine
 10
15.0
 20
445.0
 30
0.0
 11
65.0
 21
445.0
 31
0.0
  0
LINE
  5
23D
100
AcDbEntity
  8
0
 62
256
370
-1
 48
1.0
  6
BYLAYER
100
AcDbLine
 10
-355.0
 20
245.0
 30
0.0
 11
-305.0
 21
245.0
 31
0.0
  0
LINE
  5
23E
100
AcDbEntity
  8
0
 62
256
370
-1
 48
1.0
  6
BYLAYER
100
AcDbLine
 10
-95.0
 20
245.0
 30
0.0
 11
-45.0
 21
245.0
 31
0.0
  0
LINE
  5
23F
100
AcDbEntity
  8
0
 62
256
370
-1
 48
1.0
  6
BYLAYER
100
AcDbLine
 10
5.0
 20
635.0
 30
0.0
 11
55.0
 21
635.0
 31
0.0
  0
LINE
  5
240
100
AcDbEntity
  8
0
 62
256
370
-1
 48
1.0
  6
BYLAYER
100
AcDbLine
 10
-315.0
 20
545.0
 30
0.0
 11
-265.0
 21
545.0
 31
0.0
  0
LINE
  5
241
100
AcDbEntity
  8
0
 62
256
370
-1
 48
1.0
  6
BYLAYER
100
AcDbLine
 10
-115.0
 20
545.0
 30
0.0
 11
-65.0
 21
545.0
 31
0.0
  0
LINE
  5
242
100
AcDbEntity
  8
0
 62
256
370
-1
 48
1.0
  6
BYLAYER
100
AcDbLine
 10
-365.0
 20
445.0
 30
0.0
 11
-315.0
 21
445.0
 31
0.0
  0
LINE
  5
243
100
AcDbEntity
  8
0
 62
256
370
-1
 48
1.0
  6
BYLAYER
100
AcDbLine
 10
-75.0
 20
445.0
 30
0.0
 11
-25.0
 21
445.0
 31
0.0
  0
LINE
  5
244
100
AcDbEntity
  8
0
 62
256
370
-1
 48
1.0
  6
BYLAYER
100
AcDbLine
 10
-315.0
 20
345.0
 30
0.0
 11
-265.0
 21
345.0
 31
0.0
  0
LINE
  5
245
100
AcDbEntity
  8
0
 62
256
370
-1
 48
1.0
  6
BYLAYER
100
AcDbLine
 10
-115.0
 20
345.0
 30
0.0
 11
-65.0
 21
345.0
 31
0.0
  0
LINE
  5
246
100
AcDbEntity
  8
0
 62
256
370
-1
 48
1.0
  6
BYLAYER
100
AcDbLine
 10
-410.0
 20
640.0
 30
0.0
 11
-410.0
 21
690.0
 31
0.0
  0
LINE
  5
247
100
AcDbEntity
  8
0
 62
256
370
-1
 48
1.0
  6
BYLAYER
100
AcDbLine
 10
-175.0
 20
635.0
 30
0.0
 11
-175.0
 21
685.0
 31
0.0
  0
LINE
  5
248
100
AcDbEntity
  8
0
 62
256
370
-1
 48
1.0
  6
BYLAYER
100
AcDbLine
 10
-305.0
 20
635.0
 30
0.0
 11
-305.0
 21
685.0
 31
0.0
  0
LINE
  5
249
100
AcDbEntity
  8
0
 62
256
370
-1
 48
1.0
  6
BYLAYER
100
AcDbLine
 10
-45.0
 20
635.0
 30
0.0
 11
-45.0
 21
685.0
 31
0.0
  0
LINE
  5
24A
100
AcDbEntity
  8
0
 62
256
370
-1
 48
1.0
  6
BYLAYER
100
AcDbLine
 10
35.0
 20
565.0
 30
0.0
 11
35.0
 21
615.0
 31
0.0
  0
LINE
  5
24B
100
AcDbEntity
  8
0
 62
256
370
-1
 48
1.0
  6
BYLAYER
100
AcDbLine
 10
-385.0
 20
565.0
 30
0.0
 11
-385.0
 21
615.0
 31
0.0
  0
LINE
  5
24C
100
AcDbEntity
  8
0
 62
256
370
-1
 48
1.0
  6
BYLAYER
100
AcDbLine
 10
-425.0
 20
445.0
 30
0.0
 11
-425.0
 21
495.0
 31
0.0
  0
LINE
  5
24D
100
AcDbEntity
  8
0
 62
256
370
-1
 48
1.0
  6
BYLAYER
100
AcDbLine
 10
65.0
 20
445.0
 30
0.0
 11
65.0
 21
495.0
 31
0.0
  0
LINE
  5
24E
100
AcDbEntity
  8
0
 62
256
370
-1
 48
1.0
  6
BYLAYER
100
AcDbLine
 10
-305.0
 20
245.0
 30
0.0
 11
-305.0
 21
295.0
 31
0.0
  0
LINE
  5
24F
100
AcDbEntity
  8
0
 62
256
370
-1
 48
1.0
  6
BYLAYER
100
AcDbLine
 10
-45.0
 20
245.0
 30
0.0
 11
-45.0
 21
295.0
 31
0.0
  0
LINE
  5
250
100
AcDbEntity
  8
0
 62
256
370
-1
 48
1.0
  6
BYLAYER
100
AcDbLine
 10
55.0
 20
635.0
 30
0.0
 11
55.0
 21
685.0
 31
0.0
  0
LINE
  5
251
100
AcDbEntity
  8
0
 62
256
370
-1
 48
1.0
  6
BYLAYER
100
AcDbLine
 10
-265.0
 20
545.0
 30
0.0
 11
-265.0
 21
595.0
 31
0.0
  0
LINE
  5
252
100
AcDbEntity
  8
0
 62
256
370
-1
 48
1.0
  6
BYLAYER
100
AcDbLine
 10
-65.0
 20
545.0
 30
0.0
 11
-65.0
 21
595.0
 31
0.0
  0
LINE
  5
253
100
AcDbEntity
  8
0
 62
256
370
-1
 48
1.0
  6
BYLAYER
100
AcDbLine
 10
-315.0
 20
445.0
 30
0.0
 11
-315.0
 21
495.0
 31
0.0
  0
LINE
  5
254
100
AcDbEntity
  8
0
 62
256
370
-1
 48
1.0
  6
BYLAYER
100
AcDbLine
 10
-25.0
 20
445.0
 30
0.0
 11
-25.0
 21
495.0
 31
0.0
  0
LINE
  5
255
100
AcDbEntity
  8
0
 62
256
370
-1
 48
1.0
  6
BYLAYER
100
AcDbLine
 10
-265.0
 20
345.0
 30
0.0
 11
-265.0
 21
395.0
 31
0.0
  0
LINE
  5
256
100
AcDbEntity
  8
0
 62
256
370
-1
 48
1.0
  6
BYLAYER
100
AcDbLine
 10
-65.0
 20
345.0
 30
0.0
 11
-65.0
 21
395.0
 31
0.0
  0
LINE
  5
257
100
AcDbEntity
  8
0
 62
256
370
-1
 48
1.0
  6
BYLAYER
100
AcDbLine
 10
-410.0
 20
690.0
 30
0.0
 11
-460.0
 21
690.0
 31
0.0
  0
LINE
  5
258
100
AcDbEntity
  8
0
 62
256
370
-1
 48
1.0
  6
BYLAYER
100
AcDbLine
 10
-175.0
 20
685.0
 30
0.0
 11
-225.0
 21
685.0
 31
0.0
  0
LINE
  5
259
100
AcDbEntity
  8
0
 62
256
370
-1
 48
1.0
  6
BYLAYER
100
AcDbLine
 10
-305.0
 20
685.0
 30
0.0
 11
-355.0
 21
685.0
 31
0.0
  0
LINE
  5
25A
100
AcDbEntity
  8
0
 62
256
370
-1
 48
1.0
  6
BYLAYER
100
AcDbLine
 10
-45.0
 20
685.0
 30
0.0
 11
-95.0
 21
685.0
 31
0.0
  0
LINE
  5
25B
100
AcDbEntity
  8
0
 62
256
370
-1
 48
1.0
  6
BYLAYER
100
AcDbLine
 10
35.0
 20
615.0
 30
0.0
 11
-15.0
 21
615.0
 31
0.0
  0
LINE
  5
25C
100
AcDbEntity
  8
0
 62
256
370
-1
 48
1.0
  6
BYLAYER
100
AcDbLine
 10
-385.0
 20
615.0
 30
0.0
 11
-435.0
 21
615.0
 31
0.0
  0
LINE
  5
25D
100
AcDbEntity
  8
0
 62
256
370
-1
 48
1.0
  6
BYLAYER
100
AcDbLine
 10
-425.0
 20
495.0
 30
0.0
 11
-475.0
 21
495.0
 31
0.0
  0
LINE
  5
25E
100
AcDbEntity
  8
0
 62
256
370
-1
 48
1.0
  6
BYLAYER
100
AcDbLine
 10
65.0
 20
495.0
 30
0.0
 11
15.0
 21
495.0
 31
0.0
  0
LINE
  5
25F
100
AcDbEntity
  8
0
 62
256
370
-1
 48
1.0
  6
BYLAYER
100
AcDbLine
 10
-305.0
 20
295.0
 30
0.0
 11
-355.0
 21
295.0
 31
0.0
  0
LINE
  5
260
100
AcDbEntity
  8
0
 62
256
370
-1
 48
1.0
  6
BYLAYER
100
AcDbLine
 10
-45.0
 20
295.0
 30
0.0
 11
-95.0
 21
295.0
 31
0.0
  0
LINE
  5
261
100
AcDbEntity
  8
0
 62
256
370
-1
 48
1.0
  6
BYLAYER
100
AcDbLine
 10
55.0
 20
685.0
 30
0.0
 11
5.0
 21
685.0
 31
0.0
  0
LINE
  5
262
100
AcDbEntity
  8
0
 62
256
370
-1
 48
1.0
  6
BYLAYER
100
AcDbLine
 10
-265.0
 20
595.0
 30
0.0
 11
-315.0
 21
595.0
 31
0.0
  0
LINE
  5
263
100
AcDbEntity
  8
0
 62
256
370
-1
 48
1.0
  6
BYLAYER
100
AcDbLine
 10
-65.0
 20
595.0
 30
0.0
 11
-115.0
 21
595.0
 31
0.0
  0
LINE
  5
264
100
AcDbEntity
  8
0
 62
256
370
-1
 48
1.0
  6
BYLAYER
100
AcDbLine
 10
-315.0
 20
495.0
 30
0.0
 11
-365.0
 21
495.0
 31
0.0
  0
LINE
  5
265
100
AcDbEntity
  8
0
 62
256
370
-1
 48
1.0
  6
BYLAYER
100
AcDbLine
 10
-25.0
 20
495.0
 30
0.0
 11
-75.0
 21
495.0
 31
0.0
  0
LINE
  5
266
100
AcDbEntity
  8
0
 62
256
370
-1
 48
1.0
  6
BYLAYER
100
AcDbLine
 10
-265.0
 20
395.0
 30
0.0
 11
-315.0
 21
395.0
 31
0.0
  0
LINE
  5
267
100
AcDbEntity
  8
0
 62
256
370
-1
 48
1.0
  6
BYLAYER
100
AcDbLine
 10
-65.0
 20
395.0
 30
0.0
 11
-115.0
 21
395.0
 31
0.0
  0
MTEXT
  5
268
100
AcDbEntity
  8
0
 62
256
370
-1
 48
1.0
  6
BYLAYER
100
AcDbMText
 10
-216.3161832586426954
 20
662.314681928828918
 30
0.0
 40
1.0
 41
0.0
 71
1
 72
1
  1
\C7;\H6;CENTER
  7
textstyle55
 50
0.0
 73
2
 44
1.0
  0
MTEXT
  5
269
100
AcDbEntity
  8
0
 62
256
370
-1
 48
1.0
  6
BYLAYER
100
AcDbMText
 10
-340.5808934026425163
 20
663.1746453208289722
 30
0.0
 40
1.0
 41
0.0
 71
1
 72
1
  1
\C7;\H6;LEFT
  7
textstyle56
 50
0.0
 73
2
 44
1.0
  0
MTEXT
  5
26A
100
AcDbEntity
  8
0
 62
256
370
-1
 48
1.0
  6
BYLAYER
100
AcDbMText
 10
-81.761705895442816
 20
662.7322662616292064
 30
0.0
 40
1.0
 41
0.0
 71
1
 72
1
  1
\C7;\H6;RIGHT
  7
textstyle57
 50
0.0
 73
2
 44
1.0
  0
MTEXT
  5
26B
100
AcDbEntity
  8
0
 62
256
370
-1
 48
1.0
  6
BYLAYER
100
AcDbMText
 10
-446.0220686343812417
 20
668.4856643733936608
 30
0.0
 40
1.0
 41
0.0
 71
1
 72
1
  1
\C7;\H6;SW 1
  7
textstyle51
 50
0.0
 73
2
 44
1.0
  0
MTEXT
  5
26C
100
AcDbEntity
  8
0
 62
256
370
-1
 48
1.0
  6
BYLAYER
100
AcDbMText
 10
19.7033623740786652
 20
662.9516279531956116
 30
0.0
 40
1.0
 41
0.0
 71
1
 72
1
  1
\C7;\H6;SW 2
  7
textstyle52
 50
0.0
 73
2
 44
1.0
  0
MTEXT
  5
26D
100
AcDbEntity
  8
0
 62
256
370
-1
 48
1.0
  6
BYLAYER
100
AcDbMText
 10
-414.2020374108523129
 20
590.8762620161949144
 30
0.0
 40
1.0
 41
0.0
 71
1
 72
1
  1
\C7;\H6;LW
  7
textstyle53
 50
0.0
 73
2
 44
1.0
  0
MTEXT
  5
26E
100
AcDbEntity
  8
0
 62
256
370
-1
 48
1.0
  6
BYLAYER
100
AcDbMText
 10
3.9742072717353381
 20
592.6917402881949783
 30
0.0
 40
1.0
 41
0.0
 71
1
 72
1
  1
\C7;\H6;RW
  7
textstyle54
 50
0.0
 73
2
 44
1.0
  0
MTEXT
  5
26F
100
AcDbEntity
  8
0
 62
256
370
-1
 48
1.0
  6
BYLAYER
100
AcDbMText
 10
-455.2601740872734126
 20
472.3296898668824042
 30
0.0
 40
1.0
 41
0.0
 71
1
 72
1
  1
\C7;\H6;LS
  7
textstyle47
 50
0.0
 73
2
 44
1.0
  0
MTEXT
  5
270
100
AcDbEntity
  8
0
 62
256
370
-1
 48
1.0
  6
BYLAYER
100
AcDbMText
 10
34.488977656725865
 20
472.3296898668824042
 30
0.0
 40
1.0
 41
0.0
 71
1
 72
1
  1
\C7;\H6;RS
  7
textstyle48
 50
0.0
 73
2
 44
1.0
  0
MTEXT
  5
271
100
AcDbEntity
  8
0
 62
256
370
-1
 48
1.0
  6
BYLAYER
100
AcDbMText
 10
-336.7736082724251219
 20
271.5194620804598458
 30
0.0
 40
1.0
 41
0.0
 71
1
 72
1
  1
\C7;\H6;SBL
  7
textstyle49
 50
0.0
 73
2
 44
1.0
  0
MTEXT
  5
272
100
AcDbEntity
  8
0
 62
256
370
-1
 48
1.0
  6
BYLAYER
100
AcDbMText
 10
-77.4893138113949931
 20
272.8612686940866752
 30
0.0
 40
1.0
 41
0.0
 71
1
 72
1
  1
\C7;\H6;SBR
  7
textstyle50
 50
0.0
 73
2
 44
1.0
  0
MTEXT
  5
273
100
AcDbEntity
  8
0
 62
256
370
-1
 48
1.0
  6
BYLAYER
100
AcDbMText
 10
-296.265184302664693
 20
572.5157965207215511
 30
0.0
 40
1.0
 41
0.0
 71
1
 72
1
  1
\C7;\H6;TFL
  7
textstyle60
 50
0.0
 73
2
 44
1.0
  0
MTEXT
  5
274
100
AcDbEntity
  8
0
 62
256
370
-1
 48
1.0
  6
BYLAYER
100
AcDbMText
 10
-97.9978373586650378
 20
572.9457782167215782
 30
0.0
 40
1.0
 41
0.0
 71
1
 72
1
  1
\C7;\H6;TFR
  7
textstyle61
 50
0.0
 73
2
 44
1.0
  0
MTEXT
  5
275
100
AcDbEntity
  8
0
 62
256
370
-1
 48
1.0
  6
BYLAYER
100
AcDbMText
 10
-346.3528557569573536
 20
472.3820606380797358
 30
0.0
 40
1.0
 41
0.0
 71
1
 72
1
  1
\C7;\H6;TML
  7
textstyle62
 50
0.0
 73
2
 44
1.0
  0
MTEXT
  5
276
100
AcDbEntity
  8
0
 62
256
370
-1
 48
1.0
  6
BYLAYER
100
AcDbMText
 10
-58.530374348957821
 20
473.314019422079582
 30
0.0
 40
1.0
 41
0.0
 71
1
 72
1
  1
\C7;\H6;TMR
  7
textstyle63
 50
0.0
 73
2
 44
1.0
  0
MTEXT
  5
277
100
AcDbEntity
  8
0
 62
256
370
-1
 48
1.0
  6
BYLAYER
100
AcDbMText
 10
-297.7632782345770579
 20
371.6356497935921652
 30
0.0
 40
1.0
 41
0.0
 71
1
 72
1
  1
\C7;\H6;TRL
  7
textstyle58
 50
0.0
 73
2
 44
1.0
  0
MTEXT
  5
278
100
AcDbEntity
  8
0
 62
256
370
-1
 48
1.0
  6
BYLAYER
100
AcDbMText
 10
-97.7023502345772954
 20
371.3868177935921722
 30
0.0
 40
1.0
 41
0.0
 71
1
 72
1
  1
\C7;\H6;TRR
  7
textstyle59
 50
0.0
 73
2
 44
1.0
  0
LINE
  5
279
100
AcDbEntity
  8
0
 62
256
370
-1
 48
1.0
  6
BYLAYER
100
AcDbLine
 10
-480.0
 20
700.0
 30
0.0
 11
-480.0
 21
710.0
 31
0.0
  0
LINE
  5
27A
100
AcDbEntity
  8
0
 62
256
370
-1
 48
1.0
  6
BYLAYER
100
AcDbLine
 10
-480.0
 20
710.0
 30
0.0
 11
70.0
 21
710.0
 31
0.0
  0
LINE
  5
27B
100
AcDbEntity
  8
0
 62
256
370
-1
 48
1.0
  6
BYLAYER
100
AcDbLine
 10
70.0
 20
710.0
 30
0.0
 11
70.0
 21
700.0
 31
0.0
  0
LINE
  5
27C
100
AcDbEntity
  8
0
 62
256
370
-1
 48
1.0
  6
BYLAYER
100
AcDbLine
 10
-20.0
 20
0.0
 30
0.0
 11
-20.0
 21
-20.0
 31
0.0
  0
LINE
  5
27D
100
AcDbEntity
  8
0
 62
256
370
-1
 48
1.0
  6
BYLAYER
100
AcDbLine
 10
-395.0
 20
0.0
 30
0.0
 11
-395.0
 21
-20.0
 31
0.0
  0
LINE
  5
27E
100
AcDbEntity
  8
0
 62
256
370
-1
 48
1.0
  6
BYLAYER
100
AcDbLine
 10
-20.0
 20
-20.0
 30
0.0
 11
20.0
 21
-20.0
 31
0.0
  0
LINE
  5
27F
100
AcDbEntity
  8
0
 62
256
370
-1
 48
1.0
  6
BYLAYER
100
AcDbLine
 10
-395.0
 20
-20.0
 30
0.0
 11
-355.0
 21
-20.0
 31
0.0
  0
LINE
  5
280
100
AcDbEntity
  8
0
 62
256
370
-1
 48
1.0
  6
BYLAYER
100
AcDbLine
 10
20.0
 20
-20.0
 30
0.0
 11
20.0
 21
0.0
 31
0.0
  0
LINE
  5
281
100
AcDbEntity
  8
0
 62
256
370
-1
 48
1.0
  6
BYLAYER
100
AcDbLine
 10
-355.0
 20
-20.0
 30
0.0
 11
-355.0
 21
0.0
 31
0.0
  0
LINE
  5
282
100
AcDbEntity
  8
0
 62
256
370
-1
 48
1.0
  6
BYLAYER
100
AcDbLine
 10
20.0
 20
0.0
 30
0.0
 11
-20.0
 21
0.0
 31
0.0
  0
LINE
  5
283
100
AcDbEntity
  8
0
 62
256
370
-1
 48
1.0
  6
BYLAYER
100
AcDbLine
 10
-355.0
 20
0.0
 30
0.0
 11
-395.0
 21
0.0
 31
0.0
  0
LINE
  5
284
100
AcDbEntity
  8
0
 62
256
370
-1
 48
1.0
  6
BYLAYER
100
AcDbLine
 10
-20.0
 20
-30.0
 30
0.0
 11
-20.0
 21
-50.0
 31
0.0
  0
LINE
  5
285
100
AcDbEntity
  8
0
 62
256
370
-1
 48
1.0
  6
BYLAYER
100
AcDbLine
 10
-395.0
 20
-30.0
 30
0.0
 11
-395.0
 21
-50.0
 31
0.0
  0
LINE
  5
286
100
AcDbEntity
  8
0
 62
256
370
-1
 48
1.0
  6
BYLAYER
100
AcDbLine
 10
-20.0
 20
-50.0
 30
0.0
 11
20.0
 21
-50.0
 31
0.0
  0
LINE
  5
287
100
AcDbEntity
  8
0
 62
256
370
-1
 48
1.0
  6
BYLAYER
100
AcDbLine
 10
-395.0
 20
-50.0
 30
0.0
 11
-355.0
 21
-50.0
 31
0.0
  0
LINE
  5
288
100
AcDbEntity
  8
0
 62
256
370
-1
 48
1.0
  6
BYLAYER
100
AcDbLine
 10
20.0
 20
-50.0
 30
0.0
 11
20.0
 21
-30.0
 31
0.0
  0
LINE
  5
289
100
AcDbEntity
  8
0
 62
256
370
-1
 48
1.0
  6
BYLAYER
100
AcDbLine
 10
-355.0
 20
-50.0
 30
0.0
 11
-355.0
 21
-30.0
 31
0.0
  0
LINE
  5
28A
100
AcDbEntity
  8
0
 62
256
370
-1
 48
1.0
  6
BYLAYER
100
AcDbLine
 10
20.0
 20
-30.0
 30
0.0
 11
-20.0
 21
-30.0
 31
0.0
  0
LINE
  5
28B
100
AcDbEntity
  8
0
 62
256
370
-1
 48
1.0
  6
BYLAYER
100
AcDbLine
 10
-355.0
 20
-30.0
 30
0.0
 11
-395.0
 21
-30.0
 31
0.0
  0
LINE
  5
28C
100
AcDbEntity
  8
0
 62
256
370
-1
 48
1.0
  6
BYLAYER
100
AcDbLine
 10
-20.0
 20
-60.0
 30
0.0
 11
-20.0
 21
-80.0
 31
0.0
  0
LINE
  5
28D
100
AcDbEntity
  8
0
 62
256
370
-1
 48
1.0
  6
BYLAYER
100
AcDbLine
 10
-395.0
 20
-60.0
 30
0.0
 11
-395.0
 21
-80.0
 31
0.0
  0
LINE
  5
28E
100
AcDbEntity
  8
0
 62
256
370
-1
 48
1.0
  6
BYLAYER
100
AcDbLine
 10
-20.0
 20
-80.0
 30
0.0
 11
20.0
 21
-80.0
 31
0.0
  0
LINE
  5
28F
100
AcDbEntity
  8
0
 62
256
370
-1
 48
1.0
  6
BYLAYER
100
AcDbLine
 10
-395.0
 20
-80.0
 30
0.0
 11
-355.0
 21
-80.0
 31
0.0
  0
LINE
  5
290
100
AcDbEntity
  8
0
 62
256
370
-1
 48
1.0
  6
BYLAYER
100
AcDbLine
 10
20.0
 20
-80.0
 30
0.0
 11
20.0
 21
-60.0
 31
0.0
  0
LINE
  5
291
100
AcDbEntity
  8
0
 62
256
370
-1
 48
1.0
  6
BYLAYER
100
AcDbLine
 10
-355.0
 20
-80.0
 30
0.0
 11
-355.0
 21
-60.0
 31
0.0
  0
LINE
  5
292
100
AcDbEntity
  8
0
 62
256
370
-1
 48
1.0
  6
BYLAYER
100
AcDbLine
 10
20.0
 20
-60.0
 30
0.0
 11
-20.0
 21
-60.0
 31
0.0
  0
LINE
  5
293
100
AcDbEntity
  8
0
 62
256
370
-1
 48
1.0
  6
BYLAYER
100
AcDbLine
 10
-355.0
 20
-60.0
 30
0.0
 11
-395.0
 21
-60.0
 31
0.0
  0
MTEXT
  5
294
100
AcDbEntity
  8
0
 62
256
370
-1
 48
1.0
  6
BYLAYER
100
AcDbMText
 10
-9.2984771688551575
 20
-7.0821428188945816
 30
0.0
 40
1.0
 41
0.0
 71
1
 72
1
  1
\C7;\H6;9.2.6
  7
textstyle37
 50
0.0
 73
2
 44
1.0
  0
LINE
  5
295
100
AcDbEntity
  8
0
 62
256
370
-1
 48
1.0
  6
BYLAYER
100
AcDbLine
 10
-500.0
 20
710.0
 30
0.0
 11
-500.0
 21
730.0
 31
0.0
  0
LINE
  5
296
100
AcDbEntity
  8
0
 62
256
370
-1
 48
1.0
  6
BYLAYER
100
AcDbLine
 10
-500.0
 20
730.0
 30
0.0
 11
90.0
 21
730.0
 31
0.0
  0
LINE
  5
297
100
AcDbEntity
  8
0
 62
256
370
-1
 48
1.0
  6
BYLAYER
100
AcDbLine
 10
90.0
 20
730.0
 30
0.0
 11
90.0
 21
700.0
 31
0.0
  0
LINE
  5
298
100
AcDbEntity
  8
0
 62
256
370
-1
 48
1.0
  6
BYLAYER
100
AcDbLine
 10
-500.0
 20
-130.0
 30
0.0
 11
90.0
 21
-130.0
 31
0.0
  0
LINE
  5
299
100
AcDbEntity
  8
0
 62
256
370
-1
 48
1.0
  6
BYLAYER
100
AcDbLine
 10
110.0
 20
330.0
 30
0.0
 11
110.0
 21
500.0
 31
0.0
  0
LINE
  5
29A
100
AcDbEntity
  8
0
 62
256
370
-1
 48
1.0
  6
BYLAYER
100
AcDbLine
 10
110.0
 20
500.0
 30
0.0
 11
350.0
 21
500.0
 31
0.0
  0
LINE
  5
29B
100
AcDbEntity
  8
0
 62
256
370
-1
 48
1.0
  6
BYLAYER
100
AcDbLine
 10
350.0
 20
500.0
 30
0.0
 11
350.0
 21
330.0
 31
0.0
  0
LINE
  5
29C
100
AcDbEntity
  8
0
 62
256
370
-1
 48
1.0
  6
BYLAYER
100
AcDbLine
 10
350.0
 20
330.0
 30
0.0
 11
280.0
 21
330.0
 31
0.0
  0
LINE
  5
29D
100
AcDbEntity
  8
0
 62
256
370
-1
 48
1.0
  6
BYLAYER
100
AcDbLine
 10
110.0
 20
330.0
 30
0.0
 11
180.0
 21
330.0
 31
0.0
  0
LINE
  5
29E
100
AcDbEntity
  8
0
 62
256
370
-1
 48
1.0
  6
BYLAYER
100
AcDbLine
 10
130.0
 20
480.0
 30
0.0
 11
130.0
 21
440.0
 31
0.0
  0
LINE
  5
29F
100
AcDbEntity
  8
0
 62
256
370
-1
 48
1.0
  6
BYLAYER
100
AcDbLine
 10
130.0
 20
440.0
 30
0.0
 11
170.0
 21
440.0
 31
0.0
  0
LINE
  5
2A0
100
AcDbEntity
  8
0
 62
256
370
-1
 48
1.0
  6
BYLAYER
100
AcDbLine
 10
170.0
 20
440.0
 30
0.0
 11
170.0
 21
480.0
 31
0.0
  0
LINE
  5
2A1
100
AcDbEntity
  8
0
 62
256
370
-1
 48
1.0
  6
BYLAYER
100
AcDbLine
 10
170.0
 20
480.0
 30
0.0
 11
130.0
 21
480.0
 31
0.0
  0
LINE
  5
2A2
100
AcDbEntity
  8
0
 62
256
370
-1
 48
1.0
  6
BYLAYER
100
AcDbLine
 10
330.0
 20
480.0
 30
0.0
 11
330.0
 21
440.0
 31
0.0
  0
LINE
  5
2A3
100
AcDbEntity
  8
0
 62
256
370
-1
 48
1.0
  6
BYLAYER
100
AcDbLine
 10
330.0
 20
440.0
 30
0.0
 11
290.0
 21
440.0
 31
0.0
  0
LINE
  5
2A4
100
AcDbEntity
  8
0
 62
256
370
-1
 48
1.0
  6
BYLAYER
100
AcDbLine
 10
290.0
 20
440.0
 30
0.0
 11
290.0
 21
480.0
 31
0.0
  0
LINE
  5
2A5
100
AcDbEntity
  8
0
 62
256
370
-1
 48
1.0
  6
BYLAYER
100
AcDbLine
 10
290.0
 20
480.0
 30
0.0
 11
330.0
 21
480.0
 31
0.0
  0
LINE
  5
2A6
100
AcDbEntity
  8
0
 62
256
370
-1
 48
1.0
  6
BYLAYER
100
AcDbLine
 10
200.0
 20
400.0
 30
0.0
 11
200.0
 21
350.0
 31
0.0
  0
LINE
  5
2A7
100
AcDbEntity
  8
0
 62
256
370
-1
 48
1.0
  6
BYLAYER
100
AcDbLine
 10
200.0
 20
350.0
 30
0.0
 11
260.0
 21
350.0
 31
0.0
  0
LINE
  5
2A8
100
AcDbEntity
  8
0
 62
256
370
-1
 48
1.0
  6
BYLAYER
100
AcDbLine
 10
260.0
 20
350.0
 30
0.0
 11
260.0
 21
410.0
 31
0.0
  0
LINE
  5
2A9
100
AcDbEntity
  8
0
 62
256
370
-1
 48
1.0
  6
BYLAYER
100
AcDbLine
 10
260.0
 20
410.0
 30
0.0
 11
200.0
 21
410.0
 31
0.0
  0
LINE
  5
2AA
100
AcDbEntity
  8
0
 62
256
370
-1
 48
1.0
  6
BYLAYER
100
AcDbLine
 10
200.0
 20
410.0
 30
0.0
 11
200.0
 21
400.0
 31
0.0
  0
CIRCLE
  5
2AB
100
AcDbEntity
  8
0
 62
256
370
-1
 48
1.0
  6
BYLAYER
100
AcDbCircle
 10
150.0
 20
385.0
 30
0.0
 40
18.0277563773199461
  0
MTEXT
  5
2AC
100
AcDbEntity
  8
0
 62
256
370
-1
 48
1.0
  6
BYLAYER
100
AcDbMText
 10
135.5279505345397979
 20
461.9354494596453264
 30
0.0
 40
1.0
 41
0.0
 71
1
 72
1
  1
\C7;\H6;STUDIO
  7
textstyle39
 50
0.0
 73
2
 44
1.0
  0
MTEXT
  5
2AD
100
AcDbEntity
  8
0
 62
256
370
-1
 48
1.0
  6
BYLAYER
100
AcDbMText
 10
297.0696849345395663
 20
463.1895627396453392
 30
0.0
 40
1.0
 41
0.0
 71
1
 72
1
  1
\C7;\H6;SLATE
  7
textstyle40
 50
0.0
 73
2
 44
1.0
  0
MTEXT
  5
2AE
100
AcDbEntity
  8
0
 62
256
370
-1
 48
1.0
  6
BYLAYER
100
AcDbMText
 10
220.0
 20
380.0
 30
0.0
 40
1.0
 41
0.0
 71
1
 72
1
  1
\C7;\H6;CUES
  7
textstyle41
 50
0.0
 73
2
 44
1.0
  0
MTEXT
  5
2AF
100
AcDbEntity
  8
0
 62
256
370
-1
 48
1.0
  6
BYLAYER
100
AcDbMText
 10
132.4327679937397875
 20
360.7115982468457105
 30
0.0
 40
1.0
 41
0.0
 71
1
 72
1
  1
\C7;\H6;VOLUME
  7
textstyle38
 50
0.0
 73
2
 44
1.0
  0
LINE
  5
2B0
100
AcDbEntity
  8
0
 62
256
370
-1
 48
1.0
  6
BYLAYER
100
AcDbLine
 10
290.0
 20
390.0
 30
0.0
 11
290.0
 21
350.0
 31
0.0
  0
LINE
  5
2B1
100
AcDbEntity
  8
0
 62
256
370
-1
 48
1.0
  6
BYLAYER
100
AcDbLine
 10
290.0
 20
350.0
 30
0.0
 11
330.0
 21
350.0
 31
0.0
  0
LINE
  5
2B2
100
AcDbEntity
  8
0
 62
256
370
-1
 48
1.0
  6
BYLAYER
100
AcDbLine
 10
330.0
 20
350.0
 30
0.0
 11
330.0
 21
390.0
 31
0.0
  0
LINE
  5
2B3
100
AcDbEntity
  8
0
 62
256
370
-1
 48
1.0
  6
BYLAYER
100
AcDbLine
 10
330.0
 20
390.0
 30
0.0
 11
290.0
 21
390.0
 31
0.0
  0
MTEXT
  5
2B4
100
AcDbEntity
  8
0
 62
256
370
-1
 48
1.0
  6
BYLAYER
100
AcDbMText
 10
294.560460543404588
 20
372.4786558558530487
 30
0.0
 40
1.0
 41
0.0
 71
1
 72
1
  1
\C7;\H6;ON/OFF
  7
textstyle45
 50
0.0
 73
2
 44
1.0
  0
MTEXT
  5
2B5
100
AcDbEntity
  8
0
 62
256
370
-1
 48
1.0
  6
BYLAYER
100
AcDbMText
 10
209.7358568827563943
 20
333.0755813071908733
 30
0.0
 40
1.0
 41
0.0
 71
1
 72
1
  1
\C7;\H6;TALKBACK
  7
textstyle46
 50
0.0
 73
2
 44
1.0
  0
LINE
  5
2B6
100
AcDbEntity
  8
0
 62
256
370
-1
 48
1.0
  6
BYLAYER
100
AcDbLine
 10
180.0
 20
330.0
 30
0.0
 11
200.0
 21
330.0
 31
0.0
  0
LINE
  5
2B7
100
AcDbEntity
  8
0
 62
256
370
-1
 48
1.0
  6
BYLAYER
100
AcDbLine
 10
260.0
 20
330.0
 30
0.0
 11
280.0
 21
330.0
 31
0.0
  0
MTEXT
  5
2B8
100
AcDbEntity
  8
0
 62
256
370
-1
 48
1.0
  6
BYLAYER
100
AcDbMText
 10
-422.6035780645215709
 20
54.7489734315876149
 30
0.0
 40
1.0
 41
0.0
 71
1
 72
1
  1
\C7;\H6;VOLUME
  7
textstyle44
 50
0.0
 73
2
 44
1.0
  0
LINE
  5
2B9
100
AcDbEntity
  8
0
 62
256
370
-1
 48
1.0
  6
BYLAYER
100
AcDbLine
 10
110.0
 20
730.0
 30
0.0
 11
110.0
 21
520.0
 31
0.0
  0
LINE
  5
2BA
100
AcDbEntity
  8
0
 62
256
370
-1
 48
1.0
  6
BYLAYER
100
AcDbLine
 10
110.0
 20
730.0
 30
0.0
 11
350.0
 21
730.0
 31
0.0
  0
LINE
  5
2BB
100
AcDbEntity
  8
0
 62
256
370
-1
 48
1.0
  6
BYLAYER
100
AcDbLine
 10
110.0
 20
520.0
 30
0.0
 11
350.0
 21
520.0
 31
0.0
  0
LINE
  5
2BC
100
AcDbEntity
  8
0
 62
256
370
-1
 48
1.0
  6
BYLAYER
100
AcDbLine
 10
350.0
 20
520.0
 30
0.0
 11
350.0
 21
730.0
 31
0.0
  0
CIRCLE
  5
2BD
100
AcDbEntity
  8
0
 62
256
370
-1
 48
1.0
  6
BYLAYER
100
AcDbCircle
 10
230.0
 20
630.0
 30
0.0
 40
28.284271247461902
  0
MTEXT
  5
2BE
100
AcDbEntity
  8
0
 62
256
370
-1
 48
1.0
  6
BYLAYER
100
AcDbMText
 10
203.6630615723896085
 20
594.157283100112636
 30
0.0
 40
1.0
 41
0.0
 71
1
 72
1
  1
\C7;\H6;FREQUENCY
  7
textstyle43
 50
0.0
 73
2
 44
1.0
  0
MTEXT
  5
2BF
100
AcDbEntity
  8
0
 62
256
370
-1
 48
1.0
  6
BYLAYER
100
AcDbMText
 10
180.0
 20
720.0
 30
0.0
 40
1.0
 41
0.0
 71
1
 72
1
  1
\C7;\H12.5;OCCILATOR
  7
textstyle42
 50
0.0
 73
2
 44
1.0
  0
LINE
  5
2C0
100
AcDbEntity
  8
0
 62
256
370
-1
 48
1.0
  6
BYLAYER
100
AcDbLine
 10
142.81490711786563
 20
397.8575929384318215
 30
0.0
 11
150.0
 21
390.0
 31
0.0
  0
LINE
  5
2C1
100
AcDbEntity
  8
0
 62
256
370
-1
 48
1.0
  6
BYLAYER
100
AcDbLine
 10
220.0
 20
650.0
 30
0.0
 11
230.0
 21
630.0
 31
0.0
  0
LINE
  5
2C2
100
AcDbEntity
  8
0
 62
256
370
-1
 48
1.0
  6
BYLAYER
100
AcDbLine
 10
380.0
 20
220.0
 30
0.0
 11
380.0
 21
-130.0
 31
0.0
  0
LINE
  5
2C3
100
AcDbEntity
  8
0
 62
256
370
-1
 48
1.0
  6
BYLAYER
100
AcDbLine
 10
380.0
 20
-130.0
 30
0.0
 11
620.0
 21
-130.0
 31
0.0
  0
LINE
  5
2C4
100
AcDbEntity
  8
0
 62
256
370
-1
 48
1.0
  6
BYLAYER
100
AcDbLine
 10
620.0
 20
-130.0
 30
0.0
 11
620.0
 21
230.0
 31
0.0
  0
MTEXT
  5
2C5
100
AcDbEntity
  8
0
 62
256
370
-1
 48
1.0
  6
BYLAYER
100
AcDbMText
 10
-435.6056427187775171
 20
-39.0582252783239312
 30
0.0
 40
1.0
 41
0.0
 71
1
 72
1
  1
\C7;\H3;EXTERNAL
  7
textstyle71
 50
0.0
 73
2
 44
1.0
  0
MTEXT
  5
2C6
100
AcDbEntity
  8
0
 62
256
370
-1
 48
1.0
  6
BYLAYER
100
AcDbMText
 10
-429.9740907187775747
 20
-68.7575532783238543
 30
0.0
 40
1.0
 41
0.0
 71
1
 72
1
  1
\C7;\H3;DAW
  7
textstyle72
 50
0.0
 73
2
 44
1.0
  0
MTEXT
  5
2C7
100
AcDbEntity
  8
0
 62
256
370
-1
 48
1.0
  6
BYLAYER
100
AcDbMText
 10
-380.0
 20
-10.0
 30
0.0
 40
1.0
 41
0.0
 71
1
 72
1
  1
\C7;\H3;MAIN
  7
textstyle67
 50
0.0
 73
2
 44
1.0
  0
MTEXT
  5
2C8
100
AcDbEntity
  8
0
 62
256
370
-1
 48
1.0
  6
BYLAYER
100
AcDbMText
 10
-380.331913331216299
 20
-37.9028841922593855
 30
0.0
 40
1.0
 41
0.0
 71
1
 72
1
  1
\C7;\H3;ALT 1
  7
textstyle68
 50
0.0
 73
2
 44
1.0
  0
MTEXT
  5
2C9
100
AcDbEntity
  8
0
 62
256
370
-1
 48
1.0
  6
BYLAYER
100
AcDbMText
 10
-380.1591133312163038
 20
-68.1428841922593449
 30
0.0
 40
1.0
 41
0.0
 71
1
 72
1
  1
\C7;\H3;ALT 2
  7
textstyle69
 50
0.0
 73
2
 44
1.0
  0
MTEXT
  5
2CA
100
AcDbEntity
  8
0
 62
256
370
-1
 48
1.0
  6
BYLAYER
100
AcDbMText
 10
-390.0
 20
10.0
 30
0.0
 40
1.0
 41
0.0
 71
1
 72
1
  1
\C7;\H3;MON SELECT
  7
textstyle70
 50
0.0
 73
2
 44
1.0
  0
MTEXT
  5
2CB
100
AcDbEntity
  8
0
 62
256
370
-1
 48
1.0
  6
BYLAYER
100
AcDbMText
 10
-442.8855133312162025
 20
10.3083158077405628
 30
0.0
 40
1.0
 41
0.0
 71
1
 72
1
  1
\C7;\H3;SOURCE SELECT
  7
textstyle64
 50
0.0
 73
2
 44
1.0
  0
CIRCLE
  5
2CC
100
AcDbEntity
  8
0
 62
256
370
-1
 48
1.0
  6
BYLAYER
100
AcDbCircle
 10
0.0
 20
110.0
 30
0.0
 40
28.284271247461902
  0
MTEXT
  5
2CD
100
AcDbEntity
  8
0
 62
256
370
-1
 48
1.0
  6
BYLAYER
100
AcDbMText
 10
-24.3636564406586444
 20
71.5902146667490058
 30
0.0
 40
1.0
 41
0.0
 71
1
 72
1
  1
\C7;\H6;SOLO LEVEL
  7
textstyle65
 50
0.0
 73
2
 44
1.0
  0
MTEXT
  5
2CE
100
AcDbEntity
  8
0
 62
256
370
-1
 48
1.0
  6
BYLAYER
100
AcDbMText
 10
-36.8372852994362461
 20
11.5269792916451479
 30
0.0
 40
1.0
 41
0.0
 71
1
 72
1
  1
\C7;\H3;MON MODE
  7
textstyle66
 50
0.0
 73
2
 44
1.0
  0
LINE
  5
2CF
100
AcDbEntity
  8
0
 62
256
370
-1
 48
1.0
  6
BYLAYER
100
AcDbLine
 10
-10.0
 20
130.0
 30
0.0
 11
0.0
 21
110.0
 31
0.0
  0
LINE
  5
2D0
100
AcDbEntity
  8
0
 62
256
370
-1
 48
1.0
  6
BYLAYER
100
AcDbLine
 10
-520.0
 20
730.0
 30
0.0
 11
-520.0
 21
450.0
 31
0.0
  0
LINE
  5
2D1
100
AcDbEntity
  8
0
 62
256
370
-1
 48
1.0
  6
BYLAYER
100
AcDbLine
 10
-520.0
 20
450.0
 30
0.0
 11
-1100.0
 21
450.0
 31
0.0
  0
LINE
  5
2D2
100
AcDbEntity
  8
0
 62
256
370
-1
 48
1.0
  6
BYLAYER
100
AcDbLine
 10
-1100.0
 20
450.0
 30
0.0
 11
-1100.0
 21
730.0
 31
0.0
  0
LINE
  5
2D3
100
AcDbEntity
  8
0
 62
256
370
-1
 48
1.0
  6
BYLAYER
100
AcDbLine
 10
-1100.0
 20
730.0
 30
0.0
 11
-520.0
 21
730.0
 31
0.0
  0
LINE
  5
2D4
100
AcDbEntity
  8
0
 62
256
370
-1
 48
1.0
  6
BYLAYER
100
AcDbLine
 10
-1100.0
 20
400.0
 30
0.0
 11
-1100.0
 21
140.0
 31
0.0
  0
LINE
  5
2D5
100
AcDbEntity
  8
0
 62
256
370
-1
 48
1.0
  6
BYLAYER
100
AcDbLine
 10
-1100.0
 20
140.0
 30
0.0
 11
-520.0
 21
140.0
 31
0.0
  0
LINE
  5
2D6
100
AcDbEntity
  8
0
 62
256
370
-1
 48
1.0
  6
BYLAYER
100
AcDbLine
 10
-520.0
 20
140.0
 30
0.0
 11
-520.0
 21
400.0
 31
0.0
  0
LINE
  5
2D7
100
AcDbEntity
  8
0
 62
256
370
-1
 48
1.0
  6
BYLAYER
100
AcDbLine
 10
-520.0
 20
400.0
 30
0.0
 11
-1100.0
 21
400.0
 31
0.0
  0
LINE
  5
2D8
100
AcDbEntity
  8
0
 62
256
370
-1
 48
1.0
  6
BYLAYER
100
AcDbLine
 10
-1100.0
 20
110.0
 30
0.0
 11
-1100.0
 21
-130.0
 31
0.0
  0
LINE
  5
2D9
100
AcDbEntity
  8
0
 62
256
370
-1
 48
1.0
  6
BYLAYER
100
AcDbLine
 10
-1100.0
 20
-130.0
 30
0.0
 11
-520.0
 21
-130.0
 31
0.0
  0
LINE
  5
2DA
100
AcDbEntity
  8
0
 62
256
370
-1
 48
1.0
  6
BYLAYER
100
AcDbLine
 10
-520.0
 20
-130.0
 30
0.0
 11
-520.0
 21
110.0
 31
0.0
  0
LINE
  5
2DB
100
AcDbEntity
  8
0
 62
256
370
-1
 48
1.0
  6
BYLAYER
100
AcDbLine
 10
-520.0
 20
110.0
 30
0.0
 11
-1100.0
 21
110.0
 31
0.0
  0
MTEXT
  5
2DC
100
AcDbEntity
  8
0
 62
256
370
-1
 48
1.0
  6
BYLAYER
100
AcDbMText
 10
-870.0
 20
90.0
 30
0.0
 40
1.0
 41
0.0
 71
1
 72
1
  1
\C7;\H12.5;SURROUND PAN
  7
textstyle73
 50
0.0
 73
2
 44
1.0
  0
CIRCLE
  5
2DD
100
AcDbEntity
  8
0
 62
256
370
-1
 48
1.0
  6
BYLAYER
100
AcDbCircle
 10
-900.0
 20
17.6393202250021019
 30
0.0
 40
22.3606797749978981
  0
CIRCLE
  5
2DE
100
AcDbEntity
  8
0
 62
256
370
-1
 48
1.0
  6
BYLAYER
100
AcDbCircle
 10
-800.0
 20
17.6393202250021019
 30
0.0
 40
22.3606797749978981
  0
CIRCLE
  5
2DF
100
AcDbEntity
  8
0
 62
256
370
-1
 48
1.0
  6
BYLAYER
100
AcDbCircle
 10
-690.0
 20
17.6393202250021019
 30
0.0
 40
22.3606797749978981
  0
CIRCLE
  5
2E0
100
AcDbEntity
  8
0
 62
256
370
-1
 48
1.0
  6
BYLAYER
100
AcDbCircle
 10
-900.0
 20
-70.0
 30
0.0
 40
22.3606797749978981
  0
CIRCLE
  5
2E1
100
AcDbEntity
  8
0
 62
256
370
-1
 48
1.0
  6
BYLAYER
100
AcDbCircle
 10
-800.0
 20
-70.0
 30
0.0
 40
22.3606797749978981
  0
CIRCLE
  5
2E2
100
AcDbEntity
  8
0
 62
256
370
-1
 48
1.0
  6
BYLAYER
100
AcDbCircle
 10
-690.0
 20
-70.0
 30
0.0
 40
22.3606797749978981
  0
LINE
  5
2E3
100
AcDbEntity
  8
0
 62
256
370
-1
 48
1.0
  6
BYLAYER
100
AcDbLine
 10
-910.0
 20
30.0
 30
0.0
 11
-900.0
 21
17.6393202250021019
 31
0.0
  0
LINE
  5
2E4
100
AcDbEntity
  8
0
 62
256
370
-1
 48
1.0
  6
BYLAYER
100
AcDbLine
 10
-910.0
 20
-57.6393202250021019
 30
0.0
 11
-900.0
 21
-70.0
 31
0.0
  0
LINE
  5
2E5
100
AcDbEntity
  8
0
 62
256
370
-1
 48
1.0
  6
BYLAYER
100
AcDbLine
 10
-810.0
 20
-57.6393202250021019
 30
0.0
 11
-800.0
 21
-70.0
 31
0.0
  0
LINE
  5
2E6
100
AcDbEntity
  8
0
 62
256
370
-1
 48
1.0
  6
BYLAYER
100
AcDbLine
 10
-700.0
 20
-57.6393202250021019
 30
0.0
 11
-690.0
 21
-70.0
 31
0.0
  0
LINE
  5
2E7
100
AcDbEntity
  8
0
 62
256
370
-1
 48
1.0
  6
BYLAYER
100
AcDbLine
 10
-810.0
 20
30.0
 30
0.0
 11
-800.0
 21
17.6393202250021019
 31
0.0
  0
LINE
  5
2E8
100
AcDbEntity
  8
0
 62
256
370
-1
 48
1.0
  6
BYLAYER
100
AcDbLine
 10
-700.0
 20
30.0
 30
0.0
 11
-690.0
 21
17.6393202250021019
 31
0.0
  0
MTEXT
  5
2E9
100
AcDbEntity
  8
0
 62
256
370
-1
 48
1.0
  6
BYLAYER
100
AcDbMText
 10
-910.0
 20
-10.0
 30
0.0
 40
1.0
 41
0.0
 71
1
 72
1
  1
\C7;\H6;LEFT
  7
textstyle78
 50
0.0
 73
2
 44
1.0
  0
MTEXT
  5
2EA
100
AcDbEntity
  8
0
 62
256
370
-1
 48
1.0
  6
BYLAYER
100
AcDbMText
 10
-816.0995445099258632
 20
-11.5937928513193924
 30
0.0
 40
1.0
 41
0.0
 71
1
 72
1
  1
\C7;\H6;CENTER
  7
textstyle79
 50
0.0
 73
2
 44
1.0
  0
MTEXT
  5
2EB
100
AcDbEntity
  8
0
 62
256
370
-1
 48
1.0
  6
BYLAYER
100
AcDbMText
 10
-700.0
 20
-10.0
 30
0.0
 40
1.0
 41
0.0
 71
1
 72
1
  1
\C7;\H6;RIGHT
  7
textstyle74
 50
0.0
 73
2
 44
1.0
  0
MTEXT
  5
2EC
100
AcDbEntity
  8
0
 62
256
370
-1
 48
1.0
  6
BYLAYER
100
AcDbMText
 10
-920.0
 20
-100.0
 30
0.0
 40
1.0
 41
0.0
 71
1
 72
1
  1
\C7;\H6;BALANCE
  7
textstyle75
 50
0.0
 73
2
 44
1.0
  0
MTEXT
  5
2ED
100
AcDbEntity
  8
0
 62
256
370
-1
 48
1.0
  6
BYLAYER
100
AcDbMText
 10
-820.0
 20
-100.0
 30
0.0
 40
1.0
 41
0.0
 71
1
 72
1
  1
\C7;\H6;BALANCE
  7
textstyle76
 50
0.0
 73
2
 44
1.0
  0
MTEXT
  5
2EE
100
AcDbEntity
  8
0
 62
256
370
-1
 48
1.0
  6
BYLAYER
100
AcDbMText
 10
-710.0
 20
-100.0
 30
0.0
 40
1.0
 41
0.0
 71
1
 72
1
  1
\C7;\H6;BALANCE
  7
textstyle77
 50
0.0
 73
2
 44
1.0
  0
LINE
  5
2EF
100
AcDbEntity
  8
0
 62
256
370
-1
 48
1.0
  6
BYLAYER
100
AcDbLine
 10
-900.0
 20
-20.0
 30
0.0
 11
-900.0
 21
-40.0
 31
0.0
  0
LINE
  5
2F0
100
AcDbEntity
  8
0
 62
256
370
-1
 48
1.0
  6
BYLAYER
100
AcDbLine
 10
-800.0
 20
-20.0
 30
0.0
 11
-800.0
 21
-40.0
 31
0.0
  0
LINE
  5
2F1
100
AcDbEntity
  8
0
 62
256
370
-1
 48
1.0
  6
BYLAYER
100
AcDbLine
 10
-690.0
 20
-20.0
 30
0.0
 11
-690.0
 21
-40.0
 31
0.0
  0
LINE
  5
2F2
100
AcDbEntity
  8
0
 62
256
370
-1
 48
1.0
  6
BYLAYER
100
AcDbLine
 10
300.0
 20
1400.0
 30
0.0
 11
300.0
 21
1100.0
 31
0.0
  0
LINE
  5
2F3
100
AcDbEntity
  8
0
 62
256
370
-1
 48
1.0
  6
BYLAYER
100
AcDbLine
 10
300.0
 20
1400.0
 30
0.0
 11
-1100.0
 21
1400.0
 31
0.0
  0
LINE
  5
2F4
100
AcDbEntity
  8
0
 62
256
370
-1
 48
1.0
  6
BYLAYER
100
AcDbLine
 10
-1100.0
 20
1400.0
 30
0.0
 11
-1100.0
 21
1100.0
 31
0.0
  0
LINE
  5
2F5
100
AcDbEntity
  8
0
 62
256
370
-1
 48
1.0
  6
BYLAYER
100
AcDbLine
 10
-1100.0
 20
1100.0
 30
0.0
 11
-600.0
 21
1100.0
 31
0.0
  0
LINE
  5
2F6
100
AcDbEntity
  8
0
 62
256
370
-1
 48
1.0
  6
BYLAYER
100
AcDbLine
 10
300.0
 20
1100.0
 30
0.0
 11
-200.0
 21
1100.0
 31
0.0
  0
LINE
  5
2F7
100
AcDbEntity
  8
0
 62
256
370
-1
 48
1.0
  6
BYLAYER
100
AcDbLine
 10
-1100.0
 20
1000.0
 30
0.0
 11
300.0
 21
1000.0
 31
0.0
  0
LINE
  5
2F8
100
AcDbEntity
  8
0
 62
256
370
-1
 48
1.0
  6
BYLAYER
100
AcDbLine
 10
300.0
 20
1000.0
 30
0.0
 11
300.0
 21
800.0
 31
0.0
  0
LINE
  5
2F9
100
AcDbEntity
  8
0
 62
256
370
-1
 48
1.0
  6
BYLAYER
100
AcDbLine
 10
300.0
 20
800.0
 30
0.0
 11
-200.0
 21
800.0
 31
0.0
  0
LINE
  5
2FA
100
AcDbEntity
  8
0
 62
256
370
-1
 48
1.0
  6
BYLAYER
100
AcDbLine
 10
-1100.0
 20
1000.0
 30
0.0
 11
-1100.0
 21
800.0
 31
0.0
  0
LINE
  5
2FB
100
AcDbEntity
  8
0
 62
256
370
-1
 48
1.0
  6
BYLAYER
100
AcDbLine
 10
-1100.0
 20
800.0
 30
0.0
 11
-600.0
 21
800.0
 31
0.0
  0
MTEXT
  5
2FC
100
AcDbEntity
  8
0
 62
256
370
-1
 48
1.0
  6
BYLAYER
100
AcDbMText
 10
-474.4500030269530271
 20
1110.7619412252427082
 30
0.0
 40
1.0
 41
0.0
 71
1
 72
1
  1
\C7;\H20;AUX SENDS
  7
textstyle80
 50
0.0
 73
2
 44
1.0
  0
MTEXT
  5
2FD
100
AcDbEntity
  8
0
 62
256
370
-1
 48
1.0
  6
BYLAYER
100
AcDbMText
 10
-460.0
 20
810.0
 30
0.0
 40
1.0
 41
0.0
 71
1
 72
1
  1
\C7;\H20;RETURNS
  7
textstyle81
 50
0.0
 73
2
 44
1.0
  0
CIRCLE
  5
2FE
100
AcDbEntity
  8
0
 62
256
370
-1
 48
1.0
  6
BYLAYER
100
AcDbCircle
 10
-1020.0
 20
1315.0
 30
0.0
 40
26.9258240356725196
  0
CIRCLE
  5
2FF
100
AcDbEntity
  8
0
 62
256
370
-1
 48
1.0
  6
BYLAYER
100
AcDbCircle
 10
-1020.0
 20
1230.0
 30
0.0
 40
26.9258240356725196
  0
CIRCLE
  5
300
100
AcDbEntity
  8
0
 62
256
370
-1
 48
1.0
  6
BYLAYER
100
AcDbCircle
 10
-917.7013370375234445
 20
1318.134975047801845
 30
0.0
 40
26.9258240356725196
  0
CIRCLE
  5
301
100
AcDbEntity
  8
0
 62
256
370
-1
 48
1.0
  6
BYLAYER
100
AcDbCircle
 10
-917.7013370375234445
 20
1233.134975047801845
 30
0.0
 40
26.9258240356725196
  0
CIRCLE
  5
302
100
AcDbEntity
  8
0
 62
256
370
-1
 48
1.0
  6
BYLAYER
100
AcDbCircle
 10
-808.5682675508701323
 20
1316.8510565832530119
 30
0.0
 40
26.9258240356725196
  0
CIRCLE
  5
303
100
AcDbEntity
  8
0
 62
256
370
-1
 48
1.0
  6
BYLAYER
100
AcDbCircle
 10
-808.5682675508701323
 20
1231.8510565832530119
 30
0.0
 40
26.9258240356725196
  0
CIRCLE
  5
304
100
AcDbEntity
  8
0
 62
256
370
-1
 48
1.0
  6
BYLAYER
100
AcDbCircle
 10
-707.1387088515100459
 20
1318.134975047801845
 30
0.0
 40
26.9258240356725196
  0
CIRCLE
  5
305
100
AcDbEntity
  8
0
 62
256
370
-1
 48
1.0
  6
BYLAYER
100
AcDbCircle
 10
-707.1387088515100459
 20
1233.134975047801845
 30
0.0
 40
26.9258240356725196
  0
CIRCLE
  5
306
100
AcDbEntity
  8
0
 62
256
370
-1
 48
1.0
  6
BYLAYER
100
AcDbCircle
 10
-598.0056393648568474
 20
1318.134975047801845
 30
0.0
 40
26.9258240356725196
  0
CIRCLE
  5
307
100
AcDbEntity
  8
0
 62
256
370
-1
 48
1.0
  6
BYLAYER
100
AcDbCircle
 10
-598.0056393648568474
 20
1233.134975047801845
 30
0.0
 40
26.9258240356725196
  0
CIRCLE
  5
308
100
AcDbEntity
  8
0
 62
256
370
-1
 48
1.0
  6
BYLAYER
100
AcDbCircle
 10
-492.7243252718502617
 20
1316.8510565832530119
 30
0.0
 40
26.9258240356725196
  0
CIRCLE
  5
309
100
AcDbEntity
  8
0
 62
256
370
-1
 48
1.0
  6
BYLAYER
100
AcDbCircle
 10
-492.7243252718502617
 20
1231.8510565832530119
 30
0.0
 40
26.9258240356725196
  0
CIRCLE
  5
30A
100
AcDbEntity
  8
0
 62
256
370
-1
 48
1.0
  6
BYLAYER
100
AcDbCircle
 10
-372.0359896042572245
 20
1316.8510565832530119
 30
0.0
 40
26.9258240356725196
  0
CIRCLE
  5
30B
100
AcDbEntity
  8
0
 62
256
370
-1
 48
1.0
  6
BYLAYER
100
AcDbCircle
 10
-372.0359896042572245
 20
1231.8510565832530119
 30
0.0
 40
26.9258240356725196
  0
CIRCLE
  5
30C
100
AcDbEntity
  8
0
 62
256
370
-1
 48
1.0
  6
BYLAYER
100
AcDbCircle
 10
-230.8049585038825171
 20
1316.8510565832530119
 30
0.0
 40
26.9258240356725196
  0
CIRCLE
  5
30D
100
AcDbEntity
  8
0
 62
256
370
-1
 48
1.0
  6
BYLAYER
100
AcDbCircle
 10
-230.8049585038825171
 20
1231.8510565832530119
 30
0.0
 40
26.9258240356725196
  0
CIRCLE
  5
30E
100
AcDbEntity
  8
0
 62
256
370
-1
 48
1.0
  6
BYLAYER
100
AcDbCircle
 10
-90.8578458680565291
 20
1315.5671381187041789
 30
0.0
 40
26.9258240356725196
  0
CIRCLE
  5
30F
100
AcDbEntity
  8
0
 62
256
370
-1
 48
1.0
  6
BYLAYER
100
AcDbCircle
 10
-90.8578458680565291
 20
1230.5671381187041789
 30
0.0
 40
26.9258240356725196
  0
CIRCLE
  5
310
100
AcDbEntity
  8
0
 62
256
370
-1
 48
1.0
  6
BYLAYER
100
AcDbCircle
 10
45.2375113741227324
 20
1314.2832196541553458
 30
0.0
 40
26.9258240356725196
  0
CIRCLE
  5
311
100
AcDbEntity
  8
0
 62
256
370
-1
 48
1.0
  6
BYLAYER
100
AcDbCircle
 10
45.2375113741227324
 20
1229.2832196541553458
 30
0.0
 40
26.9258240356725196
  0
CIRCLE
  5
312
100
AcDbEntity
  8
0
 62
256
370
-1
 48
1.0
  6
BYLAYER
100
AcDbCircle
 10
-1032.6187556870613662
 20
949.5853051208041506
 30
0.0
 40
26.9258240356725196
  0
CIRCLE
  5
313
100
AcDbEntity
  8
0
 62
256
370
-1
 48
1.0
  6
BYLAYER
100
AcDbCircle
 10
-1032.6187556870613662
 20
864.5853051208041506
 30
0.0
 40
26.9258240356725196
  0
CIRCLE
  5
314
100
AcDbEntity
  8
0
 62
256
370
-1
 48
1.0
  6
BYLAYER
100
AcDbCircle
 10
-930.3200927245848106
 20
952.7202801686059956
 30
0.0
 40
26.9258240356725196
  0
CIRCLE
  5
315
100
AcDbEntity
  8
0
 62
256
370
-1
 48
1.0
  6
BYLAYER
100
AcDbCircle
 10
-930.3200927245848106
 20
867.7202801686059956
 30
0.0
 40
26.9258240356725196
  0
CIRCLE
  5
316
100
AcDbEntity
  8
0
 62
256
370
-1
 48
1.0
  6
BYLAYER
100
AcDbCircle
 10
-821.1870232379314984
 20
951.4363617040571626
 30
0.0
 40
26.9258240356725196
  0
CIRCLE
  5
317
100
AcDbEntity
  8
0
 62
256
370
-1
 48
1.0
  6
BYLAYER
100
AcDbCircle
 10
-821.1870232379314984
 20
866.4363617040571626
 30
0.0
 40
26.9258240356725196
  0
CIRCLE
  5
318
100
AcDbEntity
  8
0
 62
256
370
-1
 48
1.0
  6
BYLAYER
100
AcDbCircle
 10
-719.757464538571412
 20
952.7202801686059956
 30
0.0
 40
26.9258240356725196
  0
CIRCLE
  5
319
100
AcDbEntity
  8
0
 62
256
370
-1
 48
1.0
  6
BYLAYER
100
AcDbCircle
 10
-719.757464538571412
 20
867.7202801686059956
 30
0.0
 40
26.9258240356725196
  0
CIRCLE
  5
31A
100
AcDbEntity
  8
0
 62
256
370
-1
 48
1.0
  6
BYLAYER
100
AcDbCircle
 10
-610.6243950519182135
 20
952.7202801686059956
 30
0.0
 40
26.9258240356725196
  0
CIRCLE
  5
31B
100
AcDbEntity
  8
0
 62
256
370
-1
 48
1.0
  6
BYLAYER
100
AcDbCircle
 10
-610.6243950519182135
 20
867.7202801686059956
 30
0.0
 40
26.9258240356725196
  0
CIRCLE
  5
31C
100
AcDbEntity
  8
0
 62
256
370
-1
 48
1.0
  6
BYLAYER
100
AcDbCircle
 10
-505.3430809589116279
 20
951.4363617040571626
 30
0.0
 40
26.9258240356725196
  0
CIRCLE
  5
31D
100
AcDbEntity
  8
0
 62
256
370
-1
 48
1.0
  6
BYLAYER
100
AcDbCircle
 10
-505.3430809589116279
 20
866.4363617040571626
 30
0.0
 40
26.9258240356725196
  0
CIRCLE
  5
31E
100
AcDbEntity
  8
0
 62
256
370
-1
 48
1.0
  6
BYLAYER
100
AcDbCircle
 10
-384.6547452913185907
 20
951.4363617040571626
 30
0.0
 40
26.9258240356725196
  0
CIRCLE
  5
31F
100
AcDbEntity
  8
0
 62
256
370
-1
 48
1.0
  6
BYLAYER
100
AcDbCircle
 10
-384.6547452913185907
 20
866.4363617040571626
 30
0.0
 40
26.9258240356725196
  0
CIRCLE
  5
320
100
AcDbEntity
  8
0
 62
256
370
-1
 48
1.0
  6
BYLAYER
100
AcDbCircle
 10
-243.4237141909438833
 20
951.4363617040571626
 30
0.0
 40
26.9258240356725196
  0
CIRCLE
  5
321
100
AcDbEntity
  8
0
 62
256
370
-1
 48
1.0
  6
BYLAYER
100
AcDbCircle
 10
-243.4237141909438833
 20
866.4363617040571626
 30
0.0
 40
26.9258240356725196
  0
CIRCLE
  5
322
100
AcDbEntity
  8
0
 62
256
370
-1
 48
1.0
  6
BYLAYER
100
AcDbCircle
 10
-103.4766015551178953
 20
950.1524432395083295
 30
0.0
 40
26.9258240356725196
  0
CIRCLE
  5
323
100
AcDbEntity
  8
0
 62
256
370
-1
 48
1.0
  6
BYLAYER
100
AcDbCircle
 10
-103.4766015551178953
 20
865.1524432395083295
 30
0.0
 40
26.9258240356725196
  0
CIRCLE
  5
324
100
AcDbEntity
  8
0
 62
256
370
-1
 48
1.0
  6
BYLAYER
100
AcDbCircle
 10
32.6187556870613662
 20
948.8685247749594964
 30
0.0
 40
26.9258240356725196
  0
CIRCLE
  5
325
100
AcDbEntity
  8
0
 62
256
370
-1
 48
1.0
  6
BYLAYER
100
AcDbCircle
 10
32.6187556870613662
 20
863.8685247749594964
 30
0.0
 40
26.9258240356725196
  0
LINE
  5
326
100
AcDbEntity
  8
0
 62
256
370
-1
 48
1.0
  6
BYLAYER
100
AcDbLine
 10
-1030.0
 20
1330.0
 30
0.0
 11
-1020.0
 21
1315.0
 31
0.0
  0
LINE
  5
327
100
AcDbEntity
  8
0
 62
256
370
-1
 48
1.0
  6
BYLAYER
100
AcDbLine
 10
-1030.0
 20
1245.0
 30
0.0
 11
-1020.0
 21
1230.0
 31
0.0
  0
LINE
  5
328
100
AcDbEntity
  8
0
 62
256
370
-1
 48
1.0
  6
BYLAYER
100
AcDbLine
 10
-927.7013370375234445
 20
1333.134975047801845
 30
0.0
 11
-917.7013370375234445
 21
1318.134975047801845
 31
0.0
  0
LINE
  5
329
100
AcDbEntity
  8
0
 62
256
370
-1
 48
1.0
  6
BYLAYER
100
AcDbLine
 10
-927.7013370375234445
 20
1248.134975047801845
 30
0.0
 11
-917.7013370375234445
 21
1233.134975047801845
 31
0.0
  0
LINE
  5
32A
100
AcDbEntity
  8
0
 62
256
370
-1
 48
1.0
  6
BYLAYER
100
AcDbLine
 10
-818.5682675508701323
 20
1331.8510565832530119
 30
0.0
 11
-808.5682675508701323
 21
1316.8510565832530119
 31
0.0
  0
LINE
  5
32B
100
AcDbEntity
  8
0
 62
256
370
-1
 48
1.0
  6
BYLAYER
100
AcDbLine
 10
-818.5682675508701323
 20
1246.8510565832530119
 30
0.0
 11
-808.5682675508701323
 21
1231.8510565832530119
 31
0.0
  0
LINE
  5
32C
100
AcDbEntity
  8
0
 62
256
370
-1
 48
1.0
  6
BYLAYER
100
AcDbLine
 10
-717.1387088515100459
 20
1333.134975047801845
 30
0.0
 11
-707.1387088515100459
 21
1318.134975047801845
 31
0.0
  0
LINE
  5
32D
100
AcDbEntity
  8
0
 62
256
370
-1
 48
1.0
  6
BYLAYER
100
AcDbLine
 10
-717.1387088515100459
 20
1248.134975047801845
 30
0.0
 11
-707.1387088515100459
 21
1233.134975047801845
 31
0.0
  0
LINE
  5
32E
100
AcDbEntity
  8
0
 62
256
370
-1
 48
1.0
  6
BYLAYER
100
AcDbLine
 10
-608.0056393648568474
 20
1333.134975047801845
 30
0.0
 11
-598.0056393648568474
 21
1318.134975047801845
 31
0.0
  0
LINE
  5
32F
100
AcDbEntity
  8
0
 62
256
370
-1
 48
1.0
  6
BYLAYER
100
AcDbLine
 10
-608.0056393648568474
 20
1248.134975047801845
 30
0.0
 11
-598.0056393648568474
 21
1233.134975047801845
 31
0.0
  0
LINE
  5
330
100
AcDbEntity
  8
0
 62
256
370
-1
 48
1.0
  6
BYLAYER
100
AcDbLine
 10
-502.7243252718502617
 20
1331.8510565832530119
 30
0.0
 11
-492.7243252718502617
 21
1316.8510565832530119
 31
0.0
  0
LINE
  5
331
100
AcDbEntity
  8
0
 62
256
370
-1
 48
1.0
  6
BYLAYER
100
AcDbLine
 10
-502.7243252718502617
 20
1246.8510565832530119
 30
0.0
 11
-492.7243252718502617
 21
1231.8510565832530119
 31
0.0
  0
LINE
  5
332
100
AcDbEntity
  8
0
 62
256
370
-1
 48
1.0
  6
BYLAYER
100
AcDbLine
 10
-382.0359896042572245
 20
1331.8510565832530119
 30
0.0
 11
-372.0359896042572245
 21
1316.8510565832530119
 31
0.0
  0
LINE
  5
333
100
AcDbEntity
  8
0
 62
256
370
-1
 48
1.0
  6
BYLAYER
100
AcDbLine
 10
-382.0359896042572245
 20
1246.8510565832530119
 30
0.0
 11
-372.0359896042572245
 21
1231.8510565832530119
 31
0.0
  0
LINE
  5
334
100
AcDbEntity
  8
0
 62
256
370
-1
 48
1.0
  6
BYLAYER
100
AcDbLine
 10
-240.8049585038825171
 20
1331.8510565832530119
 30
0.0
 11
-230.8049585038825171
 21
1316.8510565832530119
 31
0.0
  0
LINE
  5
335
100
AcDbEntity
  8
0
 62
256
370
-1
 48
1.0
  6
BYLAYER
100
AcDbLine
 10
-240.8049585038825171
 20
1246.8510565832530119
 30
0.0
 11
-230.8049585038825171
 21
1231.8510565832530119
 31
0.0
  0
LINE
  5
336
100
AcDbEntity
  8
0
 62
256
370
-1
 48
1.0
  6
BYLAYER
100
AcDbLine
 10
-100.8578458680565291
 20
1330.5671381187041789
 30
0.0
 11
-90.8578458680565291
 21
1315.5671381187041789
 31
0.0
  0
LINE
  5
337
100
AcDbEntity
  8
0
 62
256
370
-1
 48
1.0
  6
BYLAYER
100
AcDbLine
 10
-100.8578458680565291
 20
1245.5671381187041789
 30
0.0
 11
-90.8578458680565291
 21
1230.5671381187041789
 31
0.0
  0
LINE
  5
338
100
AcDbEntity
  8
0
 62
256
370
-1
 48
1.0
  6
BYLAYER
100
AcDbLine
 10
35.2375113741227324
 20
1329.2832196541553458
 30
0.0
 11
45.2375113741227324
 21
1314.2832196541553458
 31
0.0
  0
LINE
  5
339
100
AcDbEntity
  8
0
 62
256
370
-1
 48
1.0
  6
BYLAYER
100
AcDbLine
 10
35.2375113741227324
 20
1244.2832196541553458
 30
0.0
 11
45.2375113741227324
 21
1229.2832196541553458
 31
0.0
  0
LINE
  5
33A
100
AcDbEntity
  8
0
 62
256
370
-1
 48
1.0
  6
BYLAYER
100
AcDbLine
 10
-1042.6187556870613662
 20
964.5853051208041506
 30
0.0
 11
-1032.6187556870613662
 21
949.5853051208041506
 31
0.0
  0
LINE
  5
33B
100
AcDbEntity
  8
0
 62
256
370
-1
 48
1.0
  6
BYLAYER
100
AcDbLine
 10
-1042.6187556870613662
 20
879.5853051208041506
 30
0.0
 11
-1032.6187556870613662
 21
864.5853051208041506
 31
0.0
  0
LINE
  5
33C
100
AcDbEntity
  8
0
 62
256
370
-1
 48
1.0
  6
BYLAYER
100
AcDbLine
 10
-940.3200927245848106
 20
967.7202801686059956
 30
0.0
 11
-930.3200927245848106
 21
952.7202801686059956
 31
0.0
  0
LINE
  5
33D
100
AcDbEntity
  8
0
 62
256
370
-1
 48
1.0
  6
BYLAYER
100
AcDbLine
 10
-940.3200927245848106
 20
882.7202801686059956
 30
0.0
 11
-930.3200927245848106
 21
867.7202801686059956
 31
0.0
  0
LINE
  5
33E
100
AcDbEntity
  8
0
 62
256
370
-1
 48
1.0
  6
BYLAYER
100
AcDbLine
 10
-831.1870232379314984
 20
966.4363617040571626
 30
0.0
 11
-821.1870232379314984
 21
951.4363617040571626
 31
0.0
  0
LINE
  5
33F
100
AcDbEntity
  8
0
 62
256
370
-1
 48
1.0
  6
BYLAYER
100
AcDbLine
 10
-831.1870232379314984
 20
881.4363617040571626
 30
0.0
 11
-821.1870232379314984
 21
866.4363617040571626
 31
0.0
  0
LINE
  5
340
100
AcDbEntity
  8
0
 62
256
370
-1
 48
1.0
  6
BYLAYER
100
AcDbLine
 10
-729.757464538571412
 20
967.7202801686059956
 30
0.0
 11
-719.757464538571412
 21
952.7202801686059956
 31
0.0
  0
LINE
  5
341
100
AcDbEntity
  8
0
 62
256
370
-1
 48
1.0
  6
BYLAYER
100
AcDbLine
 10
-729.757464538571412
 20
882.7202801686059956
 30
0.0
 11
-719.757464538571412
 21
867.7202801686059956
 31
0.0
  0
LINE
  5
342
100
AcDbEntity
  8
0
 62
256
370
-1
 48
1.0
  6
BYLAYER
100
AcDbLine
 10
-620.6243950519182135
 20
967.7202801686059956
 30
0.0
 11
-610.6243950519182135
 21
952.7202801686059956
 31
0.0
  0
LINE
  5
343
100
AcDbEntity
  8
0
 62
256
370
-1
 48
1.0
  6
BYLAYER
100
AcDbLine
 10
-620.6243950519182135
 20
882.7202801686059956
 30
0.0
 11
-610.6243950519182135
 21
867.7202801686059956
 31
0.0
  0
LINE
  5
344
100
AcDbEntity
  8
0
 62
256
370
-1
 48
1.0
  6
BYLAYER
100
AcDbLine
 10
-515.3430809589116279
 20
966.4363617040571626
 30
0.0
 11
-505.3430809589116279
 21
951.4363617040571626
 31
0.0
  0
LINE
  5
345
100
AcDbEntity
  8
0
 62
256
370
-1
 48
1.0
  6
BYLAYER
100
AcDbLine
 10
-515.3430809589116279
 20
881.4363617040571626
 30
0.0
 11
-505.3430809589116279
 21
866.4363617040571626
 31
0.0
  0
LINE
  5
346
100
AcDbEntity
  8
0
 62
256
370
-1
 48
1.0
  6
BYLAYER
100
AcDbLine
 10
-394.6547452913185907
 20
966.4363617040571626
 30
0.0
 11
-384.6547452913185907
 21
951.4363617040571626
 31
0.0
  0
LINE
  5
347
100
AcDbEntity
  8
0
 62
256
370
-1
 48
1.0
  6
BYLAYER
100
AcDbLine
 10
-394.6547452913185907
 20
881.4363617040571626
 30
0.0
 11
-384.6547452913185907
 21
866.4363617040571626
 31
0.0
  0
LINE
  5
348
100
AcDbEntity
  8
0
 62
256
370
-1
 48
1.0
  6
BYLAYER
100
AcDbLine
 10
-253.4237141909438833
 20
966.4363617040571626
 30
0.0
 11
-243.4237141909438833
 21
951.4363617040571626
 31
0.0
  0
LINE
  5
349
100
AcDbEntity
  8
0
 62
256
370
-1
 48
1.0
  6
BYLAYER
100
AcDbLine
 10
-253.4237141909438833
 20
881.4363617040571626
 30
0.0
 11
-243.4237141909438833
 21
866.4363617040571626
 31
0.0
  0
LINE
  5
34A
100
AcDbEntity
  8
0
 62
256
370
-1
 48
1.0
  6
BYLAYER
100
AcDbLine
 10
-113.4766015551178953
 20
965.1524432395083295
 30
0.0
 11
-103.4766015551178953
 21
950.1524432395083295
 31
0.0
  0
LINE
  5
34B
100
AcDbEntity
  8
0
 62
256
370
-1
 48
1.0
  6
BYLAYER
100
AcDbLine
 10
-113.4766015551178953
 20
880.1524432395083295
 30
0.0
 11
-103.4766015551178953
 21
865.1524432395083295
 31
0.0
  0
LINE
  5
34C
100
AcDbEntity
  8
0
 62
256
370
-1
 48
1.0
  6
BYLAYER
100
AcDbLine
 10
22.6187556870613662
 20
963.8685247749594964
 30
0.0
 11
32.6187556870613662
 21
948.8685247749594964
 31
0.0
  0
LINE
  5
34D
100
AcDbEntity
  8
0
 62
256
370
-1
 48
1.0
  6
BYLAYER
100
AcDbLine
 10
22.6187556870613662
 20
878.8685247749594964
 30
0.0
 11
32.6187556870613662
 21
863.8685247749594964
 31
0.0
  0
MTEXT
  5
34E
100
AcDbEntity
  8
0
 62
256
370
-1
 48
1.0
  6
BYLAYER
100
AcDbMText
 10
-1030.0
 20
1280.0
 30
0.0
 40
1.0
 41
0.0
 71
1
 72
1
  1
\C7;\H6;LEFT
  7
textstyle86
 50
0.0
 73
2
 44
1.0
  0
MTEXT
  5
34F
100
AcDbEntity
  8
0
 62
256
370
-1
 48
1.0
  6
BYLAYER
100
AcDbMText
 10
-927.7013370375234445
 20
1283.134975047801845
 30
0.0
 40
1.0
 41
0.0
 71
1
 72
1
  1
\C7;\H6;LEFT
  7
textstyle82
 50
0.0
 73
2
 44
1.0
  0
MTEXT
  5
350
100
AcDbEntity
  8
0
 62
256
370
-1
 48
1.0
  6
BYLAYER
100
AcDbMText
 10
-818.5682675508701323
 20
1281.8510565832530119
 30
0.0
 40
1.0
 41
0.0
 71
1
 72
1
  1
\C7;\H6;LEFT
  7
textstyle83
 50
0.0
 73
2
 44
1.0
  0
MTEXT
  5
351
100
AcDbEntity
  8
0
 62
256
370
-1
 48
1.0
  6
BYLAYER
100
AcDbMText
 10
-717.1387088515100459
 20
1283.134975047801845
 30
0.0
 40
1.0
 41
0.0
 71
1
 72
1
  1
\C7;\H6;LEFT
  7
textstyle84
 50
0.0
 73
2
 44
1.0
  0
MTEXT
  5
352
100
AcDbEntity
  8
0
 62
256
370
-1
 48
1.0
  6
BYLAYER
100
AcDbMText
 10
-608.0056393648568474
 20
1283.134975047801845
 30
0.0
 40
1.0
 41
0.0
 71
1
 72
1
  1
\C7;\H6;LEFT
  7
textstyle85
 50
0.0
 73
2
 44
1.0
  0
MTEXT
  5
353
100
AcDbEntity
  8
0
 62
256
370
-1
 48
1.0
  6
BYLAYER
100
AcDbMText
 10
-502.7243252718502617
 20
1281.8510565832530119
 30
0.0
 40
1.0
 41
0.0
 71
1
 72
1
  1
\C7;\H6;LEFT
  7
textstyle99
 50
0.0
 73
2
 44
1.0
  0
MTEXT
  5
354
100
AcDbEntity
  8
0
 62
256
370
-1
 48
1.0
  6
BYLAYER
100
AcDbMText
 10
-382.0359896042572245
 20
1281.8510565832530119
 30
0.0
 40
1.0
 41
0.0
 71
1
 72
1
  1
\C7;\H6;LEFT
  7
textstyle100
 50
0.0
 73
2
 44
1.0
  0
MTEXT
  5
355
100
AcDbEntity
  8
0
 62
256
370
-1
 48
1.0
  6
BYLAYER
100
AcDbMText
 10
-240.8049585038825171
 20
1281.8510565832530119
 30
0.0
 40
1.0
 41
0.0
 71
1
 72
1
  1
\C7;\H6;LEFT
  7
textstyle101
 50
0.0
 73
2
 44
1.0
  0
MTEXT
  5
356
100
AcDbEntity
  8
0
 62
256
370
-1
 48
1.0
  6
BYLAYER
100
AcDbMText
 10
-100.8578458680565291
 20
1280.5671381187041789
 30
0.0
 40
1.0
 41
0.0
 71
1
 72
1
  1
\C7;\H6;LEFT
  7
textstyle102
 50
0.0
 73
2
 44
1.0
  0
MTEXT
  5
357
100
AcDbEntity
  8
0
 62
256
370
-1
 48
1.0
  6
BYLAYER
100
AcDbMText
 10
35.2375113741227324
 20
1279.2832196541553458
 30
0.0
 40
1.0
 41
0.0
 71
1
 72
1
  1
\C7;\H6;LEFT
  7
textstyle95
 50
0.0
 73
2
 44
1.0
  0
MTEXT
  5
358
100
AcDbEntity
  8
0
 62
256
370
-1
 48
1.0
  6
BYLAYER
100
AcDbMText
 10
-1042.6187556870613662
 20
914.5853051208054012
 30
0.0
 40
1.0
 41
0.0
 71
1
 72
1
  1
\C7;\H6;LEFT
  7
textstyle96
 50
0.0
 73
2
 44
1.0
  0
MTEXT
  5
359
100
AcDbEntity
  8
0
 62
256
370
-1
 48
1.0
  6
BYLAYER
100
AcDbMText
 10
-940.320092724584697
 20
917.7202801686050861
 30
0.0
 40
1.0
 41
0.0
 71
1
 72
1
  1
\C7;\H6;LEFT
  7
textstyle97
 50
0.0
 73
2
 44
1.0
  0
MTEXT
  5
35A
100
AcDbEntity
  8
0
 62
256
370
-1
 48
1.0
  6
BYLAYER
100
AcDbMText
 10
-831.1870232379312711
 20
916.4363617040569352
 30
0.0
 40
1.0
 41
0.0
 71
1
 72
1
  1
\C7;\H6;LEFT
  7
textstyle98
 50
0.0
 73
2
 44
1.0
  0
MTEXT
  5
35B
100
AcDbEntity
  8
0
 62
256
370
-1
 48
1.0
  6
BYLAYER
100
AcDbMText
 10
-729.7574645385711847
 20
917.7202801686059956
 30
0.0
 40
1.0
 41
0.0
 71
1
 72
1
  1
\C7;\H6;LEFT
  7
textstyle91
 50
0.0
 73
2
 44
1.0
  0
MTEXT
  5
35C
100
AcDbEntity
  8
0
 62
256
370
-1
 48
1.0
  6
BYLAYER
100
AcDbMText
 10
-620.6243950519182135
 20
917.720280168606223
 30
0.0
 40
1.0
 41
0.0
 71
1
 72
1
  1
\C7;\H6;LEFT
  7
textstyle92
 50
0.0
 73
2
 44
1.0
  0
MTEXT
  5
35D
100
AcDbEntity
  8
0
 62
256
370
-1
 48
1.0
  6
BYLAYER
100
AcDbMText
 10
-515.3430809589117416
 20
916.4363617040569352
 30
0.0
 40
1.0
 41
0.0
 71
1
 72
1
  1
\C7;\H6;LEFT
  7
textstyle93
 50
0.0
 73
2
 44
1.0
  0
MTEXT
  5
35E
100
AcDbEntity
  8
0
 62
256
370
-1
 48
1.0
  6
BYLAYER
100
AcDbMText
 10
-394.6547452913184202
 20
916.4363617040571626
 30
0.0
 40
1.0
 41
0.0
 71
1
 72
1
  1
\C7;\H6;LEFT
  7
textstyle94
 50
0.0
 73
2
 44
1.0
  0
MTEXT
  5
35F
100
AcDbEntity
  8
0
 62
256
370
-1
 48
1.0
  6
BYLAYER
100
AcDbMText
 10
-253.423714190943997
 20
916.4363617040572763
 30
0.0
 40
1.0
 41
0.0
 71
1
 72
1
  1
\C7;\H6;LEFT
  7
textstyle87
 50
0.0
 73
2
 44
1.0
  0
MTEXT
  5
360
100
AcDbEntity
  8
0
 62
256
370
-1
 48
1.0
  6
BYLAYER
100
AcDbMText
 10
-113.4766015551177816
 20
915.1524432395087842
 30
0.0
 40
1.0
 41
0.0
 71
1
 72
1
  1
\C7;\H6;LEFT
  7
textstyle88
 50
0.0
 73
2
 44
1.0
  0
MTEXT
  5
361
100
AcDbEntity
  8
0
 62
256
370
-1
 48
1.0
  6
BYLAYER
100
AcDbMText
 10
22.6187556870614799
 20
913.8685247749606333
 30
0.0
 40
1.0
 41
0.0
 71
1
 72
1
  1
\C7;\H6;LEFT
  7
textstyle89
 50
0.0
 73
2
 44
1.0
  0
MTEXT
  5
362
100
AcDbEntity
  8
0
 62
256
370
-1
 48
1.0
  6
BYLAYER
100
AcDbMText
 10
-1032.5272054085396576
 20
1192.6595513486306572
 30
0.0
 40
1.0
 41
0.0
 71
1
 72
1
  1
\C7;\H6;RIGHT
  7
textstyle90
 50
0.0
 73
2
 44
1.0
  0
MTEXT
  5
363
100
AcDbEntity
  8
0
 62
256
370
-1
 48
1.0
  6
BYLAYER
100
AcDbMText
 10
-930.228542446063102
 20
1195.7945263964325022
 30
0.0
 40
1.0
 41
0.0
 71
1
 72
1
  1
\C7;\H6;RIGHT
  7
textstyle115
 50
0.0
 73
2
 44
1.0
  0
MTEXT
  5
364
100
AcDbEntity
  8
0
 62
256
370
-1
 48
1.0
  6
BYLAYER
100
AcDbMText
 10
-821.0954729594097898
 20
1194.5106079318836692
 30
0.0
 40
1.0
 41
0.0
 71
1
 72
1
  1
\C7;\H6;RIGHT
  7
textstyle116
 50
0.0
 73
2
 44
1.0
  0
MTEXT
  5
365
100
AcDbEntity
  8
0
 62
256
370
-1
 48
1.0
  6
BYLAYER
100
AcDbMText
 10
-719.6659142600497034
 20
1195.7945263964325022
 30
0.0
 40
1.0
 41
0.0
 71
1
 72
1
  1
\C7;\H6;RIGHT
  7
textstyle117
 50
0.0
 73
2
 44
1.0
  0
MTEXT
  5
366
100
AcDbEntity
  8
0
 62
256
370
-1
 48
1.0
  6
BYLAYER
100
AcDbMText
 10
-610.5328447733965049
 20
1195.7945263964325022
 30
0.0
 40
1.0
 41
0.0
 71
1
 72
1
  1
\C7;\H6;RIGHT
  7
textstyle118
 50
0.0
 73
2
 44
1.0
  0
MTEXT
  5
367
100
AcDbEntity
  8
0
 62
256
370
-1
 48
1.0
  6
BYLAYER
100
AcDbMText
 10
-505.2515306803899193
 20
1194.5106079318836692
 30
0.0
 40
1.0
 41
0.0
 71
1
 72
1
  1
\C7;\H6;RIGHT
  7
textstyle111
 50
0.0
 73
2
 44
1.0
  0
MTEXT
  5
368
100
AcDbEntity
  8
0
 62
256
370
-1
 48
1.0
  6
BYLAYER
100
AcDbMText
 10
-384.5631950127968821
 20
1194.5106079318836692
 30
0.0
 40
1.0
 41
0.0
 71
1
 72
1
  1
\C7;\H6;RIGHT
  7
textstyle112
 50
0.0
 73
2
 44
1.0
  0
MTEXT
  5
369
100
AcDbEntity
  8
0
 62
256
370
-1
 48
1.0
  6
BYLAYER
100
AcDbMText
 10
-243.3321639124221747
 20
1194.5106079318836692
 30
0.0
 40
1.0
 41
0.0
 71
1
 72
1
  1
\C7;\H6;RIGHT
  7
textstyle113
 50
0.0
 73
2
 44
1.0
  0
MTEXT
  5
36A
100
AcDbEntity
  8
0
 62
256
370
-1
 48
1.0
  6
BYLAYER
100
AcDbMText
 10
-103.3850512765961867
 20
1193.2266894673348361
 30
0.0
 40
1.0
 41
0.0
 71
1
 72
1
  1
\C7;\H6;RIGHT
  7
textstyle114
 50
0.0
 73
2
 44
1.0
  0
MTEXT
  5
36B
100
AcDbEntity
  8
0
 62
256
370
-1
 48
1.0
  6
BYLAYER
100
AcDbMText
 10
32.7103059655830819
 20
1191.942771002786003
 30
0.0
 40
1.0
 41
0.0
 71
1
 72
1
  1
\C7;\H6;RIGHT
  7
textstyle107
 50
0.0
 73
2
 44
1.0
  0
MTEXT
  5
36C
100
AcDbEntity
  8
0
 62
256
370
-1
 48
1.0
  6
BYLAYER
100
AcDbMText
 10
-1045.1459610956010238
 20
827.2448564694346942
 30
0.0
 40
1.0
 41
0.0
 71
1
 72
1
  1
\C7;\H6;RIGHT
  7
textstyle108
 50
0.0
 73
2
 44
1.0
  0
MTEXT
  5
36D
100
AcDbEntity
  8
0
 62
256
370
-1
 48
1.0
  6
BYLAYER
100
AcDbMText
 10
-942.8472981331243545
 20
830.379831517237335
 30
0.0
 40
1.0
 41
0.0
 71
1
 72
1
  1
\C7;\H6;RIGHT
  7
textstyle109
 50
0.0
 73
2
 44
1.0
  0
MTEXT
  5
36E
100
AcDbEntity
  8
0
 62
256
370
-1
 48
1.0
  6
BYLAYER
100
AcDbMText
 10
-833.714228646471156
 20
829.0959130526880472
 30
0.0
 40
1.0
 41
0.0
 71
1
 72
1
  1
\C7;\H6;RIGHT
  7
textstyle110
 50
0.0
 73
2
 44
1.0
  0
MTEXT
  5
36F
100
AcDbEntity
  8
0
 62
256
370
-1
 48
1.0
  6
BYLAYER
100
AcDbMText
 10
-732.2846699471110696
 20
830.3798315172366529
 30
0.0
 40
1.0
 41
0.0
 71
1
 72
1
  1
\C7;\H6;RIGHT
  7
textstyle103
 50
0.0
 73
2
 44
1.0
  0
MTEXT
  5
370
100
AcDbEntity
  8
0
 62
256
370
-1
 48
1.0
  6
BYLAYER
100
AcDbMText
 10
-623.1516004604577574
 20
830.3798315172368802
 30
0.0
 40
1.0
 41
0.0
 71
1
 72
1
  1
\C7;\H6;RIGHT
  7
textstyle104
 50
0.0
 73
2
 44
1.0
  0
MTEXT
  5
371
100
AcDbEntity
  8
0
 62
256
370
-1
 48
1.0
  6
BYLAYER
100
AcDbMText
 10
-517.8702863674515129
 20
829.0959130526875924
 30
0.0
 40
1.0
 41
0.0
 71
1
 72
1
  1
\C7;\H6;RIGHT
  7
textstyle105
 50
0.0
 73
2
 44
1.0
  0
MTEXT
  5
372
100
AcDbEntity
  8
0
 62
256
370
-1
 48
1.0
  6
BYLAYER
100
AcDbMText
 10
-397.181950699858362
 20
829.0959130526878198
 30
0.0
 40
1.0
 41
0.0
 71
1
 72
1
  1
\C7;\H6;RIGHT
  7
textstyle106
 50
0.0
 73
2
 44
1.0
  0
MTEXT
  5
373
100
AcDbEntity
  8
0
 62
256
370
-1
 48
1.0
  6
BYLAYER
100
AcDbMText
 10
-255.9509195994834556
 20
829.0959130526878198
 30
0.0
 40
1.0
 41
0.0
 71
1
 72
1
  1
\C7;\H6;RIGHT
  7
textstyle119
 50
0.0
 73
2
 44
1.0
  0
MTEXT
  5
374
100
AcDbEntity
  8
0
 62
256
370
-1
 48
1.0
  6
BYLAYER
100
AcDbMText
 10
-116.0038069636576097
 20
827.8119945881389867
 30
0.0
 40
1.0
 41
0.0
 71
1
 72
1
  1
\C7;\H6;RIGHT
  7
textstyle120
 50
0.0
 73
2
 44
1.0
  0
MTEXT
  5
375
100
AcDbEntity
  8
0
 62
256
370
-1
 48
1.0
  6
BYLAYER
100
AcDbMText
 10
20.0915502785218223
 20
826.528076123590381
 30
0.0
 40
1.0
 41
0.0
 71
1
 72
1
  1
\C7;\H6;RIGHT
  7
textstyle121
 50
0.0
 73
2
 44
1.0
  0
LINE
  5
376
100
AcDbEntity
  8
0
 62
256
370
-1
 48
1.0
  6
BYLAYER
100
AcDbLine
 10
360.0
 20
-130.0
 30
0.0
 11
360.0
 21
-140.0
 31
0.0
  0
LINE
  5
377
100
AcDbEntity
  8
0
 62
256
370
-1
 48
1.0
  6
BYLAYER
100
AcDbLine
 10
360.0
 20
-140.0
 30
0.0
 11
-1110.0
 21
-140.0
 31
0.0
  0
LINE
  5
378
100
AcDbEntity
  8
0
 62
256
370
-1
 48
1.0
  6
BYLAYER
100
AcDbLine
 10
-1110.0
 20
-140.0
 30
0.0
 11
-1100.0
 21
1500.0
 31
0.0
  0
LINE
  5
379
100
AcDbEntity
  8
0
 62
256
370
-1
 48
1.0
  6
BYLAYER
100
AcDbLine
 10
-1100.0
 20
1530.0
 30
0.0
 11
630.0
 21
1530.0
 31
0.0
  0
LINE
  5
37A
100
AcDbEntity
  8
0
 62
256
370
-1
 48
1.0
  6
BYLAYER
100
AcDbLine
 10
-1120.0
 20
-140.0
 30
0.0
 11
-1120.0
 21
2800.0
 31
0.0
  0
LINE
  5
37B
100
AcDbEntity
  8
0
 62
256
370
-1
 48
1.0
  6
BYLAYER
100
AcDbLine
 10
-1120.0
 20
2800.0
 30
0.0
 11
700.0
 21
2800.0
 31
0.0
  0
LINE
  5
37C
100
AcDbEntity
  8
0
 62
256
370
-1
 48
1.0
  6
BYLAYER
100
AcDbLine
 10
700.0
 20
2800.0
 30
0.0
 11
700.0
 21
-200.0
 31
0.0
  0
LINE
  5
37D
100
AcDbEntity
  8
0
 62
256
370
-1
 48
1.0
  6
BYLAYER
100
AcDbLine
 10
-200.0
 20
2700.0
 30
0.0
 11
-200.0
 21
2500.0
 31
0.0
  0
LINE
  5
37E
100
AcDbEntity
  8
0
 62
256
370
-1
 48
1.0
  6
BYLAYER
100
AcDbLine
 10
260.0
 20
2700.0
 30
0.0
 11
260.0
 21
2500.0
 31
0.0
  0
LINE
  5
37F
100
AcDbEntity
  8
0
 62
256
370
-1
 48
1.0
  6
BYLAYER
100
AcDbLine
 10
-200.0
 20
2500.0
 30
0.0
 11
200.0
 21
2500.0
 31
0.0
  0
LINE
  5
380
100
AcDbEntity
  8
0
 62
256
370
-1
 48
1.0
  6
BYLAYER
100
AcDbLine
 10
260.0
 20
2500.0
 30
0.0
 11
660.0
 21
2500.0
 31
0.0
  0
LINE
  5
381
100
AcDbEntity
  8
0
 62
256
370
-1
 48
1.0
  6
BYLAYER
100
AcDbLine
 10
200.0
 20
2500.0
 30
0.0
 11
200.0
 21
2700.0
 31
0.0
  0
LINE
  5
382
100
AcDbEntity
  8
0
 62
256
370
-1
 48
1.0
  6
BYLAYER
100
AcDbLine
 10
660.0
 20
2500.0
 30
0.0
 11
660.0
 21
2700.0
 31
0.0
  0
LINE
  5
383
100
AcDbEntity
  8
0
 62
256
370
-1
 48
1.0
  6
BYLAYER
100
AcDbLine
 10
200.0
 20
2700.0
 30
0.0
 11
-200.0
 21
2700.0
 31
0.0
  0
LINE
  5
384
100
AcDbEntity
  8
0
 62
256
370
-1
 48
1.0
  6
BYLAYER
100
AcDbLine
 10
660.0
 20
2700.0
 30
0.0
 11
260.0
 21
2700.0
 31
0.0
  0
LINE
  5
385
100
AcDbEntity
  8
0
 62
256
370
-1
 48
1.0
  6
BYLAYER
100
AcDbLine
 10
10.0
 20
2500.0
 30
0.0
 11
-100.0
 21
2580.0
 31
0.0
  0
LINE
  5
386
100
AcDbEntity
  8
0
 62
256
370
-1
 48
1.0
  6
BYLAYER
100
AcDbLine
 10
470.0
 20
2500.0
 30
0.0
 11
360.0
 21
2580.0
 31
0.0
  0
LINE
  5
387
100
AcDbEntity
  8
0
 62
256
370
-1
 48
1.0
  6
BYLAYER
100
AcDbLine
 10
-120.0
 20
2430.0
 30
0.0
 11
-120.0
 21
2370.0
 31
0.0
  0
LINE
  5
388
100
AcDbEntity
  8
0
 62
256
370
-1
 48
1.0
  6
BYLAYER
100
AcDbLine
 10
-120.0
 20
2330.0
 30
0.0
 11
-120.0
 21
2270.0
 31
0.0
  0
LINE
  5
389
100
AcDbEntity
  8
0
 62
256
370
-1
 48
1.0
  6
BYLAYER
100
AcDbLine
 10
-120.0
 20
2230.0
 30
0.0
 11
-120.0
 21
2170.0
 31
0.0
  0
LINE
  5
38A
100
AcDbEntity
  8
0
 62
256
370
-1
 48
1.0
  6
BYLAYER
100
AcDbLine
 10
40.0
 20
2430.0
 30
0.0
 11
40.0
 21
2370.0
 31
0.0
  0
LINE
  5
38B
100
AcDbEntity
  8
0
 62
256
370
-1
 48
1.0
  6
BYLAYER
100
AcDbLine
 10
40.0
 20
2330.0
 30
0.0
 11
40.0
 21
2270.0
 31
0.0
  0
LINE
  5
38C
100
AcDbEntity
  8
0
 62
256
370
-1
 48
1.0
  6
BYLAYER
100
AcDbLine
 10
40.0
 20
2230.0
 30
0.0
 11
40.0
 21
2170.0
 31
0.0
  0
LINE
  5
38D
100
AcDbEntity
  8
0
 62
256
370
-1
 48
1.0
  6
BYLAYER
100
AcDbLine
 10
180.0
 20
2430.0
 30
0.0
 11
180.0
 21
2370.0
 31
0.0
  0
LINE
  5
38E
100
AcDbEntity
  8
0
 62
256
370
-1
 48
1.0
  6
BYLAYER
100
AcDbLine
 10
180.0
 20
2330.0
 30
0.0
 11
180.0
 21
2270.0
 31
0.0
  0
LINE
  5
38F
100
AcDbEntity
  8
0
 62
256
370
-1
 48
1.0
  6
BYLAYER
100
AcDbLine
 10
180.0
 20
2230.0
 30
0.0
 11
180.0
 21
2170.0
 31
0.0
  0
LINE
  5
390
100
AcDbEntity
  8
0
 62
256
370
-1
 48
1.0
  6
BYLAYER
100
AcDbLine
 10
320.0
 20
2430.0
 30
0.0
 11
320.0
 21
2370.0
 31
0.0
  0
LINE
  5
391
100
AcDbEntity
  8
0
 62
256
370
-1
 48
1.0
  6
BYLAYER
100
AcDbLine
 10
320.0
 20
2330.0
 30
0.0
 11
320.0
 21
2270.0
 31
0.0
  0
LINE
  5
392
100
AcDbEntity
  8
0
 62
256
370
-1
 48
1.0
  6
BYLAYER
100
AcDbLine
 10
320.0
 20
2230.0
 30
0.0
 11
320.0
 21
2170.0
 31
0.0
  0
LINE
  5
393
100
AcDbEntity
  8
0
 62
256
370
-1
 48
1.0
  6
BYLAYER
100
AcDbLine
 10
460.0
 20
2430.0
 30
0.0
 11
460.0
 21
2370.0
 31
0.0
  0
LINE
  5
394
100
AcDbEntity
  8
0
 62
256
370
-1
 48
1.0
  6
BYLAYER
100
AcDbLine
 10
460.0
 20
2330.0
 30
0.0
 11
460.0
 21
2270.0
 31
0.0
  0
LINE
  5
395
100
AcDbEntity
  8
0
 62
256
370
-1
 48
1.0
  6
BYLAYER
100
AcDbLine
 10
460.0
 20
2230.0
 30
0.0
 11
460.0
 21
2170.0
 31
0.0
  0
LINE
  5
396
100
AcDbEntity
  8
0
 62
256
370
-1
 48
1.0
  6
BYLAYER
100
AcDbLine
 10
-120.0
 20
2370.0
 30
0.0
 11
0.0
 21
2370.0
 31
0.0
  0
LINE
  5
397
100
AcDbEntity
  8
0
 62
256
370
-1
 48
1.0
  6
BYLAYER
100
AcDbLine
 10
-120.0
 20
2270.0
 30
0.0
 11
0.0
 21
2270.0
 31
0.0
  0
LINE
  5
398
100
AcDbEntity
  8
0
 62
256
370
-1
 48
1.0
  6
BYLAYER
100
AcDbLine
 10
-120.0
 20
2170.0
 30
0.0
 11
0.0
 21
2170.0
 31
0.0
  0
LINE
  5
399
100
AcDbEntity
  8
0
 62
256
370
-1
 48
1.0
  6
BYLAYER
100
AcDbLine
 10
40.0
 20
2370.0
 30
0.0
 11
160.0
 21
2370.0
 31
0.0
  0
LINE
  5
39A
100
AcDbEntity
  8
0
 62
256
370
-1
 48
1.0
  6
BYLAYER
100
AcDbLine
 10
40.0
 20
2270.0
 30
0.0
 11
160.0
 21
2270.0
 31
0.0
  0
LINE
  5
39B
100
AcDbEntity
  8
0
 62
256
370
-1
 48
1.0
  6
BYLAYER
100
AcDbLine
 10
40.0
 20
2170.0
 30
0.0
 11
160.0
 21
2170.0
 31
0.0
  0
LINE
  5
39C
100
AcDbEntity
  8
0
 62
256
370
-1
 48
1.0
  6
BYLAYER
100
AcDbLine
 10
180.0
 20
2370.0
 30
0.0
 11
300.0
 21
2370.0
 31
0.0
  0
LINE
  5
39D
100
AcDbEntity
  8
0
 62
256
370
-1
 48
1.0
  6
BYLAYER
100
AcDbLine
 10
180.0
 20
2270.0
 30
0.0
 11
300.0
 21
2270.0
 31
0.0
  0
LINE
  5
39E
100
AcDbEntity
  8
0
 62
256
370
-1
 48
1.0
  6
BYLAYER
100
AcDbLine
 10
180.0
 20
2170.0
 30
0.0
 11
300.0
 21
2170.0
 31
0.0
  0
LINE
  5
39F
100
AcDbEntity
  8
0
 62
256
370
-1
 48
1.0
  6
BYLAYER
100
AcDbLine
 10
320.0
 20
2370.0
 30
0.0
 11
440.0
 21
2370.0
 31
0.0
  0
LINE
  5
3A0
100
AcDbEntity
  8
0
 62
256
370
-1
 48
1.0
  6
BYLAYER
100
AcDbLine
 10
320.0
 20
2270.0
 30
0.0
 11
440.0
 21
2270.0
 31
0.0
  0
LINE
  5
3A1
100
AcDbEntity
  8
0
 62
256
370
-1
 48
1.0
  6
BYLAYER
100
AcDbLine
 10
320.0
 20
2170.0
 30
0.0
 11
440.0
 21
2170.0
 31
0.0
  0
LINE
  5
3A2
100
AcDbEntity
  8
0
 62
256
370
-1
 48
1.0
  6
BYLAYER
100
AcDbLine
 10
460.0
 20
2370.0
 30
0.0
 11
580.0
 21
2370.0
 31
0.0
  0
LINE
  5
3A3
100
AcDbEntity
  8
0
 62
256
370
-1
 48
1.0
  6
BYLAYER
100
AcDbLine
 10
460.0
 20
2270.0
 30
0.0
 11
580.0
 21
2270.0
 31
0.0
  0
LINE
  5
3A4
100
AcDbEntity
  8
0
 62
256
370
-1
 48
1.0
  6
BYLAYER
100
AcDbLine
 10
460.0
 20
2170.0
 30
0.0
 11
580.0
 21
2170.0
 31
0.0
  0
LINE
  5
3A5
100
AcDbEntity
  8
0
 62
256
370
-1
 48
1.0
  6
BYLAYER
100
AcDbLine
 10
0.0
 20
2370.0
 30
0.0
 11
0.0
 21
2430.0
 31
0.0
  0
LINE
  5
3A6
100
AcDbEntity
  8
0
 62
256
370
-1
 48
1.0
  6
BYLAYER
100
AcDbLine
 10
0.0
 20
2270.0
 30
0.0
 11
0.0
 21
2330.0
 31
0.0
  0
LINE
  5
3A7
100
AcDbEntity
  8
0
 62
256
370
-1
 48
1.0
  6
BYLAYER
100
AcDbLine
 10
0.0
 20
2170.0
 30
0.0
 11
0.0
 21
2230.0
 31
0.0
  0
LINE
  5
3A8
100
AcDbEntity
  8
0
 62
256
370
-1
 48
1.0
  6
BYLAYER
100
AcDbLine
 10
160.0
 20
2370.0
 30
0.0
 11
160.0
 21
2430.0
 31
0.0
  0
LINE
  5
3A9
100
AcDbEntity
  8
0
 62
256
370
-1
 48
1.0
  6
BYLAYER
100
AcDbLine
 10
160.0
 20
2270.0
 30
0.0
 11
160.0
 21
2330.0
 31
0.0
  0
LINE
  5
3AA
100
AcDbEntity
  8
0
 62
256
370
-1
 48
1.0
  6
BYLAYER
100
AcDbLine
 10
160.0
 20
2170.0
 30
0.0
 11
160.0
 21
2230.0
 31
0.0
  0
LINE
  5
3AB
100
AcDbEntity
  8
0
 62
256
370
-1
 48
1.0
  6
BYLAYER
100
AcDbLine
 10
300.0
 20
2370.0
 30
0.0
 11
300.0
 21
2430.0
 31
0.0
  0
LINE
  5
3AC
100
AcDbEntity
  8
0
 62
256
370
-1
 48
1.0
  6
BYLAYER
100
AcDbLine
 10
300.0
 20
2270.0
 30
0.0
 11
300.0
 21
2330.0
 31
0.0
  0
LINE
  5
3AD
100
AcDbEntity
  8
0
 62
256
370
-1
 48
1.0
  6
BYLAYER
100
AcDbLine
 10
300.0
 20
2170.0
 30
0.0
 11
300.0
 21
2230.0
 31
0.0
  0
LINE
  5
3AE
100
AcDbEntity
  8
0
 62
256
370
-1
 48
1.0
  6
BYLAYER
100
AcDbLine
 10
440.0
 20
2370.0
 30
0.0
 11
440.0
 21
2430.0
 31
0.0
  0
LINE
  5
3AF
100
AcDbEntity
  8
0
 62
256
370
-1
 48
1.0
  6
BYLAYER
100
AcDbLine
 10
440.0
 20
2270.0
 30
0.0
 11
440.0
 21
2330.0
 31
0.0
  0
LINE
  5
3B0
100
AcDbEntity
  8
0
 62
256
370
-1
 48
1.0
  6
BYLAYER
100
AcDbLine
 10
440.0
 20
2170.0
 30
0.0
 11
440.0
 21
2230.0
 31
0.0
  0
LINE
  5
3B1
100
AcDbEntity
  8
0
 62
256
370
-1
 48
1.0
  6
BYLAYER
100
AcDbLine
 10
580.0
 20
2370.0
 30
0.0
 11
580.0
 21
2430.0
 31
0.0
  0
LINE
  5
3B2
100
AcDbEntity
  8
0
 62
256
370
-1
 48
1.0
  6
BYLAYER
100
AcDbLine
 10
580.0
 20
2270.0
 30
0.0
 11
580.0
 21
2330.0
 31
0.0
  0
LINE
  5
3B3
100
AcDbEntity
  8
0
 62
256
370
-1
 48
1.0
  6
BYLAYER
100
AcDbLine
 10
580.0
 20
2170.0
 30
0.0
 11
580.0
 21
2230.0
 31
0.0
  0
LINE
  5
3B4
100
AcDbEntity
  8
0
 62
256
370
-1
 48
1.0
  6
BYLAYER
100
AcDbLine
 10
0.0
 20
2430.0
 30
0.0
 11
-120.0
 21
2430.0
 31
0.0
  0
LINE
  5
3B5
100
AcDbEntity
  8
0
 62
256
370
-1
 48
1.0
  6
BYLAYER
100
AcDbLine
 10
0.0
 20
2330.0
 30
0.0
 11
-120.0
 21
2330.0
 31
0.0
  0
LINE
  5
3B6
100
AcDbEntity
  8
0
 62
256
370
-1
 48
1.0
  6
BYLAYER
100
AcDbLine
 10
0.0
 20
2230.0
 30
0.0
 11
-120.0
 21
2230.0
 31
0.0
  0
LINE
  5
3B7
100
AcDbEntity
  8
0
 62
256
370
-1
 48
1.0
  6
BYLAYER
100
AcDbLine
 10
160.0
 20
2430.0
 30
0.0
 11
40.0
 21
2430.0
 31
0.0
  0
LINE
  5
3B8
100
AcDbEntity
  8
0
 62
256
370
-1
 48
1.0
  6
BYLAYER
100
AcDbLine
 10
160.0
 20
2330.0
 30
0.0
 11
40.0
 21
2330.0
 31
0.0
  0
LINE
  5
3B9
100
AcDbEntity
  8
0
 62
256
370
-1
 48
1.0
  6
BYLAYER
100
AcDbLine
 10
160.0
 20
2230.0
 30
0.0
 11
40.0
 21
2230.0
 31
0.0
  0
LINE
  5
3BA
100
AcDbEntity
  8
0
 62
256
370
-1
 48
1.0
  6
BYLAYER
100
AcDbLine
 10
300.0
 20
2430.0
 30
0.0
 11
180.0
 21
2430.0
 31
0.0
  0
LINE
  5
3BB
100
AcDbEntity
  8
0
 62
256
370
-1
 48
1.0
  6
BYLAYER
100
AcDbLine
 10
300.0
 20
2330.0
 30
0.0
 11
180.0
 21
2330.0
 31
0.0
  0
LINE
  5
3BC
100
AcDbEntity
  8
0
 62
256
370
-1
 48
1.0
  6
BYLAYER
100
AcDbLine
 10
300.0
 20
2230.0
 30
0.0
 11
180.0
 21
2230.0
 31
0.0
  0
LINE
  5
3BD
100
AcDbEntity
  8
0
 62
256
370
-1
 48
1.0
  6
BYLAYER
100
AcDbLine
 10
440.0
 20
2430.0
 30
0.0
 11
320.0
 21
2430.0
 31
0.0
  0
LINE
  5
3BE
100
AcDbEntity
  8
0
 62
256
370
-1
 48
1.0
  6
BYLAYER
100
AcDbLine
 10
440.0
 20
2330.0
 30
0.0
 11
320.0
 21
2330.0
 31
0.0
  0
LINE
  5
3BF
100
AcDbEntity
  8
0
 62
256
370
-1
 48
1.0
  6
BYLAYER
100
AcDbLine
 10
440.0
 20
2230.0
 30
0.0
 11
320.0
 21
2230.0
 31
0.0
  0
LINE
  5
3C0
100
AcDbEntity
  8
0
 62
256
370
-1
 48
1.0
  6
BYLAYER
100
AcDbLine
 10
580.0
 20
2430.0
 30
0.0
 11
460.0
 21
2430.0
 31
0.0
  0
LINE
  5
3C1
100
AcDbEntity
  8
0
 62
256
370
-1
 48
1.0
  6
BYLAYER
100
AcDbLine
 10
580.0
 20
2330.0
 30
0.0
 11
460.0
 21
2330.0
 31
0.0
  0
LINE
  5
3C2
100
AcDbEntity
  8
0
 62
256
370
-1
 48
1.0
  6
BYLAYER
100
AcDbLine
 10
580.0
 20
2230.0
 30
0.0
 11
460.0
 21
2230.0
 31
0.0
  0
LINE
  5
3C3
100
AcDbEntity
  8
0
 62
256
370
-1
 48
1.0
  6
BYLAYER
100
AcDbLine
 10
-60.0
 20
2370.0
 30
0.0
 11
-100.0
 21
2400.0
 31
0.0
  0
LINE
  5
3C4
100
AcDbEntity
  8
0
 62
256
370
-1
 48
1.0
  6
BYLAYER
100
AcDbLine
 10
-60.0
 20
2270.0
 30
0.0
 11
-100.0
 21
2300.0
 31
0.0
  0
LINE
  5
3C5
100
AcDbEntity
  8
0
 62
256
370
-1
 48
1.0
  6
BYLAYER
100
AcDbLine
 10
-60.0
 20
2170.0
 30
0.0
 11
-100.0
 21
2200.0
 31
0.0
  0
LINE
  5
3C6
100
AcDbEntity
  8
0
 62
256
370
-1
 48
1.0
  6
BYLAYER
100
AcDbLine
 10
100.0
 20
2370.0
 30
0.0
 11
60.0
 21
2400.0
 31
0.0
  0
LINE
  5
3C7
100
AcDbEntity
  8
0
 62
256
370
-1
 48
1.0
  6
BYLAYER
100
AcDbLine
 10
100.0
 20
2270.0
 30
0.0
 11
60.0
 21
2300.0
 31
0.0
  0
LINE
  5
3C8
100
AcDbEntity
  8
0
 62
256
370
-1
 48
1.0
  6
BYLAYER
100
AcDbLine
 10
100.0
 20
2170.0
 30
0.0
 11
60.0
 21
2200.0
 31
0.0
  0
LINE
  5
3C9
100
AcDbEntity
  8
0
 62
256
370
-1
 48
1.0
  6
BYLAYER
100
AcDbLine
 10
240.0
 20
2370.0
 30
0.0
 11
200.0
 21
2400.0
 31
0.0
  0
LINE
  5
3CA
100
AcDbEntity
  8
0
 62
256
370
-1
 48
1.0
  6
BYLAYER
100
AcDbLine
 10
240.0
 20
2270.0
 30
0.0
 11
200.0
 21
2300.0
 31
0.0
  0
LINE
  5
3CB
100
AcDbEntity
  8
0
 62
256
370
-1
 48
1.0
  6
BYLAYER
100
AcDbLine
 10
240.0
 20
2170.0
 30
0.0
 11
200.0
 21
2200.0
 31
0.0
  0
LINE
  5
3CC
100
AcDbEntity
  8
0
 62
256
370
-1
 48
1.0
  6
BYLAYER
100
AcDbLine
 10
380.0
 20
2370.0
 30
0.0
 11
340.0
 21
2400.0
 31
0.0
  0
LINE
  5
3CD
100
AcDbEntity
  8
0
 62
256
370
-1
 48
1.0
  6
BYLAYER
100
AcDbLine
 10
380.0
 20
2270.0
 30
0.0
 11
340.0
 21
2300.0
 31
0.0
  0
LINE
  5
3CE
100
AcDbEntity
  8
0
 62
256
370
-1
 48
1.0
  6
BYLAYER
100
AcDbLine
 10
380.0
 20
2170.0
 30
0.0
 11
340.0
 21
2200.0
 31
0.0
  0
LINE
  5
3CF
100
AcDbEntity
  8
0
 62
256
370
-1
 48
1.0
  6
BYLAYER
100
AcDbLine
 10
520.0
 20
2370.0
 30
0.0
 11
480.0
 21
2400.0
 31
0.0
  0
LINE
  5
3D0
100
AcDbEntity
  8
0
 62
256
370
-1
 48
1.0
  6
BYLAYER
100
AcDbLine
 10
520.0
 20
2270.0
 30
0.0
 11
480.0
 21
2300.0
 31
0.0
  0
LINE
  5
3D1
100
AcDbEntity
  8
0
 62
256
370
-1
 48
1.0
  6
BYLAYER
100
AcDbLine
 10
520.0
 20
2170.0
 30
0.0
 11
480.0
 21
2200.0
 31
0.0
  0
LINE
  5
3D2
100
AcDbEntity
  8
0
 62
256
370
-1
 48
1.0
  6
BYLAYER
100
AcDbLine
 10
-1100.0
 20
-200.0
 30
0.0
 11
-1100.0
 21
-600.0
 31
0.0
  0
LINE
  5
3D3
100
AcDbEntity
  8
0
 62
256
370
-1
 48
1.0
  6
BYLAYER
100
AcDbLine
 10
620.0
 20
-170.0
 30
0.0
 11
620.0
 21
-590.0
 31
0.0
  0
LINE
  5
3D4
100
AcDbEntity
  8
0
 62
256
370
-1
 48
1.0
  6
BYLAYER
100
AcDbLine
 10
620.0
 20
-590.0
 30
0.0
 11
-1100.0
 21
-590.0
 31
0.0
  0
LINE
  5
3D5
100
AcDbEntity
  8
0
 62
256
370
-1
 48
1.0
  6
BYLAYER
100
AcDbLine
 10
-1100.0
 20
-200.0
 30
0.0
 11
620.0
 21
-200.0
 31
0.0
  0
LINE
  5
3D6
100
AcDbEntity
  8
0
 62
256
370
-1
 48
1.0
  6
BYLAYER
100
AcDbLine
 10
700.0
 20
-200.0
 30
0.0
 11
700.0
 21
-700.0
 31
0.0
  0
LINE
  5
3D7
100
AcDbEntity
  8
0
 62
256
370
-1
 48
1.0
  6
BYLAYER
100
AcDbLine
 10
-1120.0
 20
-690.0
 30
0.0
 11
-1120.0
 21
-140.0
 31
0.0
  0
LINE
  5
3D8
100
AcDbEntity
  8
0
 62
256
370
-1
 48
1.0
  6
BYLAYER
100
AcDbLine
 10
-300.0
 20
-650.0
 30
0.0
 11
700.0
 21
-650.0
 31
0.0
  0
LINE
  5
3D9
100
AcDbEntity
  8
0
 62
256
370
-1
 48
1.0
  6
BYLAYER
100
AcDbLine
 10
-300.0
 20
-650.0
 30
0.0
 11
-1120.0
 21
-650.0
 31
0.0
  0
LINE
  5
3DA
100
AcDbEntity
  8
0
 62
256
370
-1
 48
1.0
  6
BYLAYER
100
AcDbLine
 10
-1040.0
 20
-220.0
 30
0.0
 11
-1040.0
 21
-560.0
 31
0.0
  0
LINE
  5
3DB
100
AcDbEntity
  8
0
 62
256
370
-1
 48
1.0
  6
BYLAYER
100
AcDbLine
 10
-920.0
 20
-220.0
 30
0.0
 11
-920.0
 21
-560.0
 31
0.0
  0
LINE
  5
3DC
100
AcDbEntity
  8
0
 62
256
370
-1
 48
1.0
  6
BYLAYER
100
AcDbLine
 10
-800.0
 20
-220.0
 30
0.0
 11
-800.0
 21
-560.0
 31
0.0
  0
LINE
  5
3DD
100
AcDbEntity
  8
0
 62
256
370
-1
 48
1.0
  6
BYLAYER
100
AcDbLine
 10
-680.0
 20
-220.0
 30
0.0
 11
-680.0
 21
-560.0
 31
0.0
  0
LINE
  5
3DE
100
AcDbEntity
  8
0
 62
256
370
-1
 48
1.0
  6
BYLAYER
100
AcDbLine
 10
-560.0
 20
-220.0
 30
0.0
 11
-560.0
 21
-560.0
 31
0.0
  0
LINE
  5
3DF
100
AcDbEntity
  8
0
 62
256
370
-1
 48
1.0
  6
BYLAYER
100
AcDbLine
 10
-440.0
 20
-220.0
 30
0.0
 11
-440.0
 21
-560.0
 31
0.0
  0
LINE
  5
3E0
100
AcDbEntity
  8
0
 62
256
370
-1
 48
1.0
  6
BYLAYER
100
AcDbLine
 10
-320.0
 20
-220.0
 30
0.0
 11
-320.0
 21
-560.0
 31
0.0
  0
LINE
  5
3E1
100
AcDbEntity
  8
0
 62
256
370
-1
 48
1.0
  6
BYLAYER
100
AcDbLine
 10
-200.0
 20
-220.0
 30
0.0
 11
-200.0
 21
-560.0
 31
0.0
  0
LINE
  5
3E2
100
AcDbEntity
  8
0
 62
256
370
-1
 48
1.0
  6
BYLAYER
100
AcDbLine
 10
550.0
 20
-220.0
 30
0.0
 11
550.0
 21
-560.0
 31
0.0
  0
LINE
  5
3E3
100
AcDbEntity
  8
0
 62
256
370
-1
 48
1.0
  6
BYLAYER
100
AcDbLine
 10
-1090.0
 20
-220.0
 30
0.0
 11
-1090.0
 21
-580.0
 31
0.0
  0
LINE
  5
3E4
100
AcDbEntity
  8
0
 62
256
370
-1
 48
1.0
  6
BYLAYER
100
AcDbLine
 10
-970.0
 20
-220.0
 30
0.0
 11
-970.0
 21
-580.0
 31
0.0
  0
LINE
  5
3E5
100
AcDbEntity
  8
0
 62
256
370
-1
 48
1.0
  6
BYLAYER
100
AcDbLine
 10
-850.0
 20
-220.0
 30
0.0
 11
-850.0
 21
-580.0
 31
0.0
  0
LINE
  5
3E6
100
AcDbEntity
  8
0
 62
256
370
-1
 48
1.0
  6
BYLAYER
100
AcDbLine
 10
-730.0
 20
-220.0
 30
0.0
 11
-730.0
 21
-580.0
 31
0.0
  0
LINE
  5
3E7
100
AcDbEntity
  8
0
 62
256
370
-1
 48
1.0
  6
BYLAYER
100
AcDbLine
 10
-610.0
 20
-220.0
 30
0.0
 11
-610.0
 21
-580.0
 31
0.0
  0
LINE
  5
3E8
100
AcDbEntity
  8
0
 62
256
370
-1
 48
1.0
  6
BYLAYER
100
AcDbLine
 10
-490.0
 20
-220.0
 30
0.0
 11
-490.0
 21
-580.0
 31
0.0
  0
LINE
  5
3E9
100
AcDbEntity
  8
0
 62
256
370
-1
 48
1.0
  6
BYLAYER
100
AcDbLine
 10
-370.0
 20
-220.0
 30
0.0
 11
-370.0
 21
-580.0
 31
0.0
  0
LINE
  5
3EA
100
AcDbEntity
  8
0
 62
256
370
-1
 48
1.0
  6
BYLAYER
100
AcDbLine
 10
-250.0
 20
-220.0
 30
0.0
 11
-250.0
 21
-580.0
 31
0.0
  0
LINE
  5
3EB
100
AcDbEntity
  8
0
 62
256
370
-1
 48
1.0
  6
BYLAYER
100
AcDbLine
 10
500.0
 20
-220.0
 30
0.0
 11
500.0
 21
-580.0
 31
0.0
  0
LINE
  5
3EC
100
AcDbEntity
  8
0
 62
256
370
-1
 48
1.0
  6
BYLAYER
100
AcDbLine
 10
-1090.0
 20
-580.0
 30
0.0
 11
-980.0
 21
-580.0
 31
0.0
  0
LINE
  5
3ED
100
AcDbEntity
  8
0
 62
256
370
-1
 48
1.0
  6
BYLAYER
100
AcDbLine
 10
-970.0
 20
-580.0
 30
0.0
 11
-860.0
 21
-580.0
 31
0.0
  0
LINE
  5
3EE
100
AcDbEntity
  8
0
 62
256
370
-1
 48
1.0
  6
BYLAYER
100
AcDbLine
 10
-850.0
 20
-580.0
 30
0.0
 11
-740.0
 21
-580.0
 31
0.0
  0
LINE
  5
3EF
100
AcDbEntity
  8
0
 62
256
370
-1
 48
1.0
  6
BYLAYER
100
AcDbLine
 10
-730.0
 20
-580.0
 30
0.0
 11
-620.0
 21
-580.0
 31
0.0
  0
LINE
  5
3F0
100
AcDbEntity
  8
0
 62
256
370
-1
 48
1.0
  6
BYLAYER
100
AcDbLine
 10
-610.0
 20
-580.0
 30
0.0
 11
-500.0
 21
-580.0
 31
0.0
  0
LINE
  5
3F1
100
AcDbEntity
  8
0
 62
256
370
-1
 48
1.0
  6
BYLAYER
100
AcDbLine
 10
-490.0
 20
-580.0
 30
0.0
 11
-380.0
 21
-580.0
 31
0.0
  0
LINE
  5
3F2
100
AcDbEntity
  8
0
 62
256
370
-1
 48
1.0
  6
BYLAYER
100
AcDbLine
 10
-370.0
 20
-580.0
 30
0.0
 11
-260.0
 21
-580.0
 31
0.0
  0
LINE
  5
3F3
100
AcDbEntity
  8
0
 62
256
370
-1
 48
1.0
  6
BYLAYER
100
AcDbLine
 10
-250.0
 20
-580.0
 30
0.0
 11
-140.0
 21
-580.0
 31
0.0
  0
LINE
  5
3F4
100
AcDbEntity
  8
0
 62
256
370
-1
 48
1.0
  6
BYLAYER
100
AcDbLine
 10
500.0
 20
-580.0
 30
0.0
 11
610.0
 21
-580.0
 31
0.0
  0
LINE
  5
3F5
100
AcDbEntity
  8
0
 62
256
370
-1
 48
1.0
  6
BYLAYER
100
AcDbLine
 10
-980.0
 20
-580.0
 30
0.0
 11
-980.0
 21
-210.0
 31
0.0
  0
LINE
  5
3F6
100
AcDbEntity
  8
0
 62
256
370
-1
 48
1.0
  6
BYLAYER
100
AcDbLine
 10
-860.0
 20
-580.0
 30
0.0
 11
-860.0
 21
-210.0
 31
0.0
  0
LINE
  5
3F7
100
AcDbEntity
  8
0
 62
256
370
-1
 48
1.0
  6
BYLAYER
100
AcDbLine
 10
-740.0
 20
-580.0
 30
0.0
 11
-740.0
 21
-210.0
 31
0.0
  0
LINE
  5
3F8
100
AcDbEntity
  8
0
 62
256
370
-1
 48
1.0
  6
BYLAYER
100
AcDbLine
 10
-620.0
 20
-580.0
 30
0.0
 11
-620.0
 21
-210.0
 31
0.0
  0
LINE
  5
3F9
100
AcDbEntity
  8
0
 62
256
370
-1
 48
1.0
  6
BYLAYER
100
AcDbLine
 10
-500.0
 20
-580.0
 30
0.0
 11
-500.0
 21
-210.0
 31
0.0
  0
LINE
  5
3FA
100
AcDbEntity
  8
0
 62
256
370
-1
 48
1.0
  6
BYLAYER
100
AcDbLine
 10
-380.0
 20
-580.0
 30
0.0
 11
-380.0
 21
-210.0
 31
0.0
  0
LINE
  5
3FB
100
AcDbEntity
  8
0
 62
256
370
-1
 48
1.0
  6
BYLAYER
100
AcDbLine
 10
-260.0
 20
-580.0
 30
0.0
 11
-260.0
 21
-210.0
 31
0.0
  0
LINE
  5
3FC
100
AcDbEntity
  8
0
 62
256
370
-1
 48
1.0
  6
BYLAYER
100
AcDbLine
 10
-140.0
 20
-580.0
 30
0.0
 11
-140.0
 21
-210.0
 31
0.0
  0
LINE
  5
3FD
100
AcDbEntity
  8
0
 62
256
370
-1
 48
1.0
  6
BYLAYER
100
AcDbLine
 10
610.0
 20
-580.0
 30
0.0
 11
610.0
 21
-210.0
 31
0.0
  0
LINE
  5
3FE
100
AcDbEntity
  8
0
 62
256
370
-1
 48
1.0
  6
BYLAYER
100
AcDbLine
 10
-980.0
 20
-210.0
 30
0.0
 11
-1090.0
 21
-210.0
 31
0.0
  0
LINE
  5
3FF
100
AcDbEntity
  8
0
 62
256
370
-1
 48
1.0
  6
BYLAYER
100
AcDbLine
 10
-860.0
 20
-210.0
 30
0.0
 11
-970.0
 21
-210.0
 31
0.0
  0
LINE
  5
400
100
AcDbEntity
  8
0
 62
256
370
-1
 48
1.0
  6
BYLAYER
100
AcDbLine
 10
-740.0
 20
-210.0
 30
0.0
 11
-850.0
 21
-210.0
 31
0.0
  0
LINE
  5
401
100
AcDbEntity
  8
0
 62
256
370
-1
 48
1.0
  6
BYLAYER
100
AcDbLine
 10
-620.0
 20
-210.0
 30
0.0
 11
-730.0
 21
-210.0
 31
0.0
  0
LINE
  5
402
100
AcDbEntity
  8
0
 62
256
370
-1
 48
1.0
  6
BYLAYER
100
AcDbLine
 10
-500.0
 20
-210.0
 30
0.0
 11
-610.0
 21
-210.0
 31
0.0
  0
LINE
  5
403
100
AcDbEntity
  8
0
 62
256
370
-1
 48
1.0
  6
BYLAYER
100
AcDbLine
 10
-380.0
 20
-210.0
 30
0.0
 11
-490.0
 21
-210.0
 31
0.0
  0
LINE
  5
404
100
AcDbEntity
  8
0
 62
256
370
-1
 48
1.0
  6
BYLAYER
100
AcDbLine
 10
-260.0
 20
-210.0
 30
0.0
 11
-370.0
 21
-210.0
 31
0.0
  0
LINE
  5
405
100
AcDbEntity
  8
0
 62
256
370
-1
 48
1.0
  6
BYLAYER
100
AcDbLine
 10
-140.0
 20
-210.0
 30
0.0
 11
-250.0
 21
-210.0
 31
0.0
  0
LINE
  5
406
100
AcDbEntity
  8
0
 62
256
370
-1
 48
1.0
  6
BYLAYER
100
AcDbLine
 10
610.0
 20
-210.0
 30
0.0
 11
500.0
 21
-210.0
 31
0.0
  0
LINE
  5
407
100
AcDbEntity
  8
0
 62
256
370
-1
 48
1.0
  6
BYLAYER
100
AcDbLine
 10
-1090.0
 20
-210.0
 30
0.0
 11
-1090.0
 21
-220.0
 31
0.0
  0
LINE
  5
408
100
AcDbEntity
  8
0
 62
256
370
-1
 48
1.0
  6
BYLAYER
100
AcDbLine
 10
-970.0
 20
-210.0
 30
0.0
 11
-970.0
 21
-220.0
 31
0.0
  0
LINE
  5
409
100
AcDbEntity
  8
0
 62
256
370
-1
 48
1.0
  6
BYLAYER
100
AcDbLine
 10
-850.0
 20
-210.0
 30
0.0
 11
-850.0
 21
-220.0
 31
0.0
  0
LINE
  5
40A
100
AcDbEntity
  8
0
 62
256
370
-1
 48
1.0
  6
BYLAYER
100
AcDbLine
 10
-730.0
 20
-210.0
 30
0.0
 11
-730.0
 21
-220.0
 31
0.0
  0
LINE
  5
40B
100
AcDbEntity
  8
0
 62
256
370
-1
 48
1.0
  6
BYLAYER
100
AcDbLine
 10
-610.0
 20
-210.0
 30
0.0
 11
-610.0
 21
-220.0
 31
0.0
  0
LINE
  5
40C
100
AcDbEntity
  8
0
 62
256
370
-1
 48
1.0
  6
BYLAYER
100
AcDbLine
 10
-490.0
 20
-210.0
 30
0.0
 11
-490.0
 21
-220.0
 31
0.0
  0
LINE
  5
40D
100
AcDbEntity
  8
0
 62
256
370
-1
 48
1.0
  6
BYLAYER
100
AcDbLine
 10
-370.0
 20
-210.0
 30
0.0
 11
-370.0
 21
-220.0
 31
0.0
  0
LINE
  5
40E
100
AcDbEntity
  8
0
 62
256
370
-1
 48
1.0
  6
BYLAYER
100
AcDbLine
 10
-250.0
 20
-210.0
 30
0.0
 11
-250.0
 21
-220.0
 31
0.0
  0
LINE
  5
40F
100
AcDbEntity
  8
0
 62
256
370
-1
 48
1.0
  6
BYLAYER
100
AcDbLine
 10
500.0
 20
-210.0
 30
0.0
 11
500.0
 21
-220.0
 31
0.0
  0
LINE
  5
410
100
AcDbEntity
  8
0
 62
256
370
-1
 48
1.0
  6
BYLAYER
100
AcDbLine
 10
-1050.0
 20
-520.0
 30
0.0
 11
-1050.0
 21
-560.0
 31
0.0
  0
LINE
  5
411
100
AcDbEntity
  8
0
 62
256
370
-1
 48
1.0
  6
BYLAYER
100
AcDbLine
 10
-930.0
 20
-520.0
 30
0.0
 11
-930.0
 21
-560.0
 31
0.0
  0
LINE
  5
412
100
AcDbEntity
  8
0
 62
256
370
-1
 48
1.0
  6
BYLAYER
100
AcDbLine
 10
-810.0
 20
-520.0
 30
0.0
 11
-810.0
 21
-560.0
 31
0.0
  0
LINE
  5
413
100
AcDbEntity
  8
0
 62
256
370
-1
 48
1.0
  6
BYLAYER
100
AcDbLine
 10
-690.0
 20
-520.0
 30
0.0
 11
-690.0
 21
-560.0
 31
0.0
  0
LINE
  5
414
100
AcDbEntity
  8
0
 62
256
370
-1
 48
1.0
  6
BYLAYER
100
AcDbLine
 10
-570.0
 20
-520.0
 30
0.0
 11
-570.0
 21
-560.0
 31
0.0
  0
LINE
  5
415
100
AcDbEntity
  8
0
 62
256
370
-1
 48
1.0
  6
BYLAYER
100
AcDbLine
 10
-450.0
 20
-520.0
 30
0.0
 11
-450.0
 21
-560.0
 31
0.0
  0
LINE
  5
416
100
AcDbEntity
  8
0
 62
256
370
-1
 48
1.0
  6
BYLAYER
100
AcDbLine
 10
-330.0
 20
-520.0
 30
0.0
 11
-330.0
 21
-560.0
 31
0.0
  0
LINE
  5
417
100
AcDbEntity
  8
0
 62
256
370
-1
 48
1.0
  6
BYLAYER
100
AcDbLine
 10
-210.0
 20
-520.0
 30
0.0
 11
-210.0
 21
-560.0
 31
0.0
  0
LINE
  5
418
100
AcDbEntity
  8
0
 62
256
370
-1
 48
1.0
  6
BYLAYER
100
AcDbLine
 10
540.0
 20
-520.0
 30
0.0
 11
540.0
 21
-560.0
 31
0.0
  0
LINE
  5
419
100
AcDbEntity
  8
0
 62
256
370
-1
 48
1.0
  6
BYLAYER
100
AcDbLine
 10
-1050.0
 20
-560.0
 30
0.0
 11
-1030.0
 21
-560.0
 31
0.0
  0
LINE
  5
41A
100
AcDbEntity
  8
0
 62
256
370
-1
 48
1.0
  6
BYLAYER
100
AcDbLine
 10
-930.0
 20
-560.0
 30
0.0
 11
-910.0
 21
-560.0
 31
0.0
  0
LINE
  5
41B
100
AcDbEntity
  8
0
 62
256
370
-1
 48
1.0
  6
BYLAYER
100
AcDbLine
 10
-810.0
 20
-560.0
 30
0.0
 11
-790.0
 21
-560.0
 31
0.0
  0
LINE
  5
41C
100
AcDbEntity
  8
0
 62
256
370
-1
 48
1.0
  6
BYLAYER
100
AcDbLine
 10
-690.0
 20
-560.0
 30
0.0
 11
-670.0
 21
-560.0
 31
0.0
  0
LINE
  5
41D
100
AcDbEntity
  8
0
 62
256
370
-1
 48
1.0
  6
BYLAYER
100
AcDbLine
 10
-570.0
 20
-560.0
 30
0.0
 11
-550.0
 21
-560.0
 31
0.0
  0
LINE
  5
41E
100
AcDbEntity
  8
0
 62
256
370
-1
 48
1.0
  6
BYLAYER
100
AcDbLine
 10
-450.0
 20
-560.0
 30
0.0
 11
-430.0
 21
-560.0
 31
0.0
  0
LINE
  5
41F
100
AcDbEntity
  8
0
 62
256
370
-1
 48
1.0
  6
BYLAYER
100
AcDbLine
 10
-330.0
 20
-560.0
 30
0.0
 11
-310.0
 21
-560.0
 31
0.0
  0
LINE
  5
420
100
AcDbEntity
  8
0
 62
256
370
-1
 48
1.0
  6
BYLAYER
100
AcDbLine
 10
-210.0
 20
-560.0
 30
0.0
 11
-190.0
 21
-560.0
 31
0.0
  0
LINE
  5
421
100
AcDbEntity
  8
0
 62
256
370
-1
 48
1.0
  6
BYLAYER
100
AcDbLine
 10
540.0
 20
-560.0
 30
0.0
 11
560.0
 21
-560.0
 31
0.0
  0
LINE
  5
422
100
AcDbEntity
  8
0
 62
256
370
-1
 48
1.0
  6
BYLAYER
100
AcDbLine
 10
-1030.0
 20
-560.0
 30
0.0
 11
-1030.0
 21
-520.0
 31
0.0
  0
LINE
  5
423
100
AcDbEntity
  8
0
 62
256
370
-1
 48
1.0
  6
BYLAYER
100
AcDbLine
 10
-910.0
 20
-560.0
 30
0.0
 11
-910.0
 21
-520.0
 31
0.0
  0
LINE
  5
424
100
AcDbEntity
  8
0
 62
256
370
-1
 48
1.0
  6
BYLAYER
100
AcDbLine
 10
-790.0
 20
-560.0
 30
0.0
 11
-790.0
 21
-520.0
 31
0.0
  0
LINE
  5
425
100
AcDbEntity
  8
0
 62
256
370
-1
 48
1.0
  6
BYLAYER
100
AcDbLine
 10
-670.0
 20
-560.0
 30
0.0
 11
-670.0
 21
-520.0
 31
0.0
  0
LINE
  5
426
100
AcDbEntity
  8
0
 62
256
370
-1
 48
1.0
  6
BYLAYER
100
AcDbLine
 10
-550.0
 20
-560.0
 30
0.0
 11
-550.0
 21
-520.0
 31
0.0
  0
LINE
  5
427
100
AcDbEntity
  8
0
 62
256
370
-1
 48
1.0
  6
BYLAYER
100
AcDbLine
 10
-430.0
 20
-560.0
 30
0.0
 11
-430.0
 21
-520.0
 31
0.0
  0
LINE
  5
428
100
AcDbEntity
  8
0
 62
256
370
-1
 48
1.0
  6
BYLAYER
100
AcDbLine
 10
-310.0
 20
-560.0
 30
0.0
 11
-310.0
 21
-520.0
 31
0.0
  0
LINE
  5
429
100
AcDbEntity
  8
0
 62
256
370
-1
 48
1.0
  6
BYLAYER
100
AcDbLine
 10
-190.0
 20
-560.0
 30
0.0
 11
-190.0
 21
-520.0
 31
0.0
  0
LINE
  5
42A
100
AcDbEntity
  8
0
 62
256
370
-1
 48
1.0
  6
BYLAYER
100
AcDbLine
 10
560.0
 20
-560.0
 30
0.0
 11
560.0
 21
-520.0
 31
0.0
  0
LINE
  5
42B
100
AcDbEntity
  8
0
 62
256
370
-1
 48
1.0
  6
BYLAYER
100
AcDbLine
 10
-1030.0
 20
-520.0
 30
0.0
 11
-1050.0
 21
-520.0
 31
0.0
  0
LINE
  5
42C
100
AcDbEntity
  8
0
 62
256
370
-1
 48
1.0
  6
BYLAYER
100
AcDbLine
 10
-910.0
 20
-520.0
 30
0.0
 11
-930.0
 21
-520.0
 31
0.0
  0
LINE
  5
42D
100
AcDbEntity
  8
0
 62
256
370
-1
 48
1.0
  6
BYLAYER
100
AcDbLine
 10
-790.0
 20
-520.0
 30
0.0
 11
-810.0
 21
-520.0
 31
0.0
  0
LINE
  5
42E
100
AcDbEntity
  8
0
 62
256
370
-1
 48
1.0
  6
BYLAYER
100
AcDbLine
 10
-670.0
 20
-520.0
 30
0.0
 11
-690.0
 21
-520.0
 31
0.0
  0
LINE
  5
42F
100
AcDbEntity
  8
0
 62
256
370
-1
 48
1.0
  6
BYLAYER
100
AcDbLine
 10
-550.0
 20
-520.0
 30
0.0
 11
-570.0
 21
-520.0
 31
0.0
  0
LINE
  5
430
100
AcDbEntity
  8
0
 62
256
370
-1
 48
1.0
  6
BYLAYER
100
AcDbLine
 10
-430.0
 20
-520.0
 30
0.0
 11
-450.0
 21
-520.0
 31
0.0
  0
LINE
  5
431
100
AcDbEntity
  8
0
 62
256
370
-1
 48
1.0
  6
BYLAYER
100
AcDbLine
 10
-310.0
 20
-520.0
 30
0.0
 11
-330.0
 21
-520.0
 31
0.0
  0
LINE
  5
432
100
AcDbEntity
  8
0
 62
256
370
-1
 48
1.0
  6
BYLAYER
100
AcDbLine
 10
-190.0
 20
-520.0
 30
0.0
 11
-210.0
 21
-520.0
 31
0.0
  0
LINE
  5
433
100
AcDbEntity
  8
0
 62
256
370
-1
 48
1.0
  6
BYLAYER
100
AcDbLine
 10
560.0
 20
-520.0
 30
0.0
 11
540.0
 21
-520.0
 31
0.0
  0
LINE
  5
434
100
AcDbEntity
  8
0
 62
256
370
-1
 48
1.0
  6
BYLAYER
100
AcDbLine
 10
-1090.0
 20
-170.0
 30
0.0
 11
-1090.0
 21
-190.0
 31
0.0
  0
LINE
  5
435
100
AcDbEntity
  8
0
 62
256
370
-1
 48
1.0
  6
BYLAYER
100
AcDbLine
 10
-966.4183808012865029
 20
-169.4129067198583982
 30
0.0
 11
-966.4183808012865029
 21
-189.4129067198583982
 31
0.0
  0
LINE
  5
436
100
AcDbEntity
  8
0
 62
256
370
-1
 48
1.0
  6
BYLAYER
100
AcDbLine
 10
-850.0
 20
-170.0
 30
0.0
 11
-850.0
 21
-190.0
 31
0.0
  0
LINE
  5
437
100
AcDbEntity
  8
0
 62
256
370
-1
 48
1.0
  6
BYLAYER
100
AcDbLine
 10
-730.0
 20
-170.0
 30
0.0
 11
-730.0
 21
-190.0
 31
0.0
  0
LINE
  5
438
100
AcDbEntity
  8
0
 62
256
370
-1
 48
1.0
  6
BYLAYER
100
AcDbLine
 10
-610.0
 20
-170.0
 30
0.0
 11
-610.0
 21
-190.0
 31
0.0
  0
LINE
  5
439
100
AcDbEntity
  8
0
 62
256
370
-1
 48
1.0
  6
BYLAYER
100
AcDbLine
 10
-490.0
 20
-170.0
 30
0.0
 11
-490.0
 21
-190.0
 31
0.0
  0
LINE
  5
43A
100
AcDbEntity
  8
0
 62
256
370
-1
 48
1.0
  6
BYLAYER
100
AcDbLine
 10
-370.0
 20
-170.0
 30
0.0
 11
-370.0
 21
-190.0
 31
0.0
  0
LINE
  5
43B
100
AcDbEntity
  8
0
 62
256
370
-1
 48
1.0
  6
BYLAYER
100
AcDbLine
 10
-250.0
 20
-170.0
 30
0.0
 11
-250.0
 21
-190.0
 31
0.0
  0
LINE
  5
43C
100
AcDbEntity
  8
0
 62
256
370
-1
 48
1.0
  6
BYLAYER
100
AcDbLine
 10
-1090.0
 20
-190.0
 30
0.0
 11
-1060.0
 21
-190.0
 31
0.0
  0
LINE
  5
43D
100
AcDbEntity
  8
0
 62
256
370
-1
 48
1.0
  6
BYLAYER
100
AcDbLine
 10
-966.4183808012865029
 20
-189.4129067198583982
 30
0.0
 11
-936.4183808012865029
 21
-189.4129067198583982
 31
0.0
  0
LINE
  5
43E
100
AcDbEntity
  8
0
 62
256
370
-1
 48
1.0
  6
BYLAYER
100
AcDbLine
 10
-850.0
 20
-190.0
 30
0.0
 11
-820.0
 21
-190.0
 31
0.0
  0
LINE
  5
43F
100
AcDbEntity
  8
0
 62
256
370
-1
 48
1.0
  6
BYLAYER
100
AcDbLine
 10
-730.0
 20
-190.0
 30
0.0
 11
-700.0
 21
-190.0
 31
0.0
  0
LINE
  5
440
100
AcDbEntity
  8
0
 62
256
370
-1
 48
1.0
  6
BYLAYER
100
AcDbLine
 10
-610.0
 20
-190.0
 30
0.0
 11
-580.0
 21
-190.0
 31
0.0
  0
LINE
  5
441
100
AcDbEntity
  8
0
 62
256
370
-1
 48
1.0
  6
BYLAYER
100
AcDbLine
 10
-490.0
 20
-190.0
 30
0.0
 11
-460.0
 21
-190.0
 31
0.0
  0
LINE
  5
442
100
AcDbEntity
  8
0
 62
256
370
-1
 48
1.0
  6
BYLAYER
100
AcDbLine
 10
-370.0
 20
-190.0
 30
0.0
 11
-340.0
 21
-190.0
 31
0.0
  0
LINE
  5
443
100
AcDbEntity
  8
0
 62
256
370
-1
 48
1.0
  6
BYLAYER
100
AcDbLine
 10
-250.0
 20
-190.0
 30
0.0
 11
-220.0
 21
-190.0
 31
0.0
  0
LINE
  5
444
100
AcDbEntity
  8
0
 62
256
370
-1
 48
1.0
  6
BYLAYER
100
AcDbLine
 10
-1060.0
 20
-190.0
 30
0.0
 11
-1050.0
 21
-190.0
 31
0.0
  0
LINE
  5
445
100
AcDbEntity
  8
0
 62
256
370
-1
 48
1.0
  6
BYLAYER
100
AcDbLine
 10
-936.4183808012865029
 20
-189.4129067198583982
 30
0.0
 11
-926.4183808012865029
 21
-189.4129067198583982
 31
0.0
  0
LINE
  5
446
100
AcDbEntity
  8
0
 62
256
370
-1
 48
1.0
  6
BYLAYER
100
AcDbLine
 10
-820.0
 20
-190.0
 30
0.0
 11
-810.0
 21
-190.0
 31
0.0
  0
LINE
  5
447
100
AcDbEntity
  8
0
 62
256
370
-1
 48
1.0
  6
BYLAYER
100
AcDbLine
 10
-700.0
 20
-190.0
 30
0.0
 11
-690.0
 21
-190.0
 31
0.0
  0
LINE
  5
448
100
AcDbEntity
  8
0
 62
256
370
-1
 48
1.0
  6
BYLAYER
100
AcDbLine
 10
-580.0
 20
-190.0
 30
0.0
 11
-570.0
 21
-190.0
 31
0.0
  0
LINE
  5
449
100
AcDbEntity
  8
0
 62
256
370
-1
 48
1.0
  6
BYLAYER
100
AcDbLine
 10
-460.0
 20
-190.0
 30
0.0
 11
-450.0
 21
-190.0
 31
0.0
  0
LINE
  5
44A
100
AcDbEntity
  8
0
 62
256
370
-1
 48
1.0
  6
BYLAYER
100
AcDbLine
 10
-340.0
 20
-190.0
 30
0.0
 11
-330.0
 21
-190.0
 31
0.0
  0
LINE
  5
44B
100
AcDbEntity
  8
0
 62
256
370
-1
 48
1.0
  6
BYLAYER
100
AcDbLine
 10
-220.0
 20
-190.0
 30
0.0
 11
-210.0
 21
-190.0
 31
0.0
  0
LINE
  5
44C
100
AcDbEntity
  8
0
 62
256
370
-1
 48
1.0
  6
BYLAYER
100
AcDbLine
 10
-1050.0
 20
-190.0
 30
0.0
 11
-1050.0
 21
-170.0
 31
0.0
  0
LINE
  5
44D
100
AcDbEntity
  8
0
 62
256
370
-1
 48
1.0
  6
BYLAYER
100
AcDbLine
 10
-926.4183808012865029
 20
-189.4129067198583982
 30
0.0
 11
-926.4183808012865029
 21
-169.4129067198583982
 31
0.0
  0
LINE
  5
44E
100
AcDbEntity
  8
0
 62
256
370
-1
 48
1.0
  6
BYLAYER
100
AcDbLine
 10
-810.0
 20
-190.0
 30
0.0
 11
-810.0
 21
-170.0
 31
0.0
  0
LINE
  5
44F
100
AcDbEntity
  8
0
 62
256
370
-1
 48
1.0
  6
BYLAYER
100
AcDbLine
 10
-690.0
 20
-190.0
 30
0.0
 11
-690.0
 21
-170.0
 31
0.0
  0
LINE
  5
450
100
AcDbEntity
  8
0
 62
256
370
-1
 48
1.0
  6
BYLAYER
100
AcDbLine
 10
-570.0
 20
-190.0
 30
0.0
 11
-570.0
 21
-170.0
 31
0.0
  0
LINE
  5
451
100
AcDbEntity
  8
0
 62
256
370
-1
 48
1.0
  6
BYLAYER
100
AcDbLine
 10
-450.0
 20
-190.0
 30
0.0
 11
-450.0
 21
-170.0
 31
0.0
  0
LINE
  5
452
100
AcDbEntity
  8
0
 62
256
370
-1
 48
1.0
  6
BYLAYER
100
AcDbLine
 10
-330.0
 20
-190.0
 30
0.0
 11
-330.0
 21
-170.0
 31
0.0
  0
LINE
  5
453
100
AcDbEntity
  8
0
 62
256
370
-1
 48
1.0
  6
BYLAYER
100
AcDbLine
 10
-210.0
 20
-190.0
 30
0.0
 11
-210.0
 21
-170.0
 31
0.0
  0
LINE
  5
454
100
AcDbEntity
  8
0
 62
256
370
-1
 48
1.0
  6
BYLAYER
100
AcDbLine
 10
-1050.0
 20
-170.0
 30
0.0
 11
-1090.0
 21
-170.0
 31
0.0
  0
LINE
  5
455
100
AcDbEntity
  8
0
 62
256
370
-1
 48
1.0
  6
BYLAYER
100
AcDbLine
 10
-926.4183808012865029
 20
-169.4129067198583982
 30
0.0
 11
-966.4183808012865029
 21
-169.4129067198583982
 31
0.0
  0
LINE
  5
456
100
AcDbEntity
  8
0
 62
256
370
-1
 48
1.0
  6
BYLAYER
100
AcDbLine
 10
-810.0
 20
-170.0
 30
0.0
 11
-850.0
 21
-170.0
 31
0.0
  0
LINE
  5
457
100
AcDbEntity
  8
0
 62
256
370
-1
 48
1.0
  6
BYLAYER
100
AcDbLine
 10
-690.0
 20
-170.0
 30
0.0
 11
-730.0
 21
-170.0
 31
0.0
  0
LINE
  5
458
100
AcDbEntity
  8
0
 62
256
370
-1
 48
1.0
  6
BYLAYER
100
AcDbLine
 10
-570.0
 20
-170.0
 30
0.0
 11
-610.0
 21
-170.0
 31
0.0
  0
LINE
  5
459
100
AcDbEntity
  8
0
 62
256
370
-1
 48
1.0
  6
BYLAYER
100
AcDbLine
 10
-450.0
 20
-170.0
 30
0.0
 11
-490.0
 21
-170.0
 31
0.0
  0
LINE
  5
45A
100
AcDbEntity
  8
0
 62
256
370
-1
 48
1.0
  6
BYLAYER
100
AcDbLine
 10
-330.0
 20
-170.0
 30
0.0
 11
-370.0
 21
-170.0
 31
0.0
  0
LINE
  5
45B
100
AcDbEntity
  8
0
 62
256
370
-1
 48
1.0
  6
BYLAYER
100
AcDbLine
 10
-210.0
 20
-170.0
 30
0.0
 11
-250.0
 21
-170.0
 31
0.0
  0
LINE
  5
45C
100
AcDbEntity
  8
0
 62
256
370
-1
 48
1.0
  6
BYLAYER
100
AcDbLine
 10
-1030.0
 20
-170.0
 30
0.0
 11
-1030.0
 21
-190.0
 31
0.0
  0
LINE
  5
45D
100
AcDbEntity
  8
0
 62
256
370
-1
 48
1.0
  6
BYLAYER
100
AcDbLine
 10
-906.4183808012865029
 20
-169.4129067198583982
 30
0.0
 11
-906.4183808012865029
 21
-189.4129067198583982
 31
0.0
  0
LINE
  5
45E
100
AcDbEntity
  8
0
 62
256
370
-1
 48
1.0
  6
BYLAYER
100
AcDbLine
 10
-790.0
 20
-170.0
 30
0.0
 11
-790.0
 21
-190.0
 31
0.0
  0
LINE
  5
45F
100
AcDbEntity
  8
0
 62
256
370
-1
 48
1.0
  6
BYLAYER
100
AcDbLine
 10
-670.0
 20
-170.0
 30
0.0
 11
-670.0
 21
-190.0
 31
0.0
  0
LINE
  5
460
100
AcDbEntity
  8
0
 62
256
370
-1
 48
1.0
  6
BYLAYER
100
AcDbLine
 10
-550.0
 20
-170.0
 30
0.0
 11
-550.0
 21
-190.0
 31
0.0
  0
LINE
  5
461
100
AcDbEntity
  8
0
 62
256
370
-1
 48
1.0
  6
BYLAYER
100
AcDbLine
 10
-430.0
 20
-170.0
 30
0.0
 11
-430.0
 21
-190.0
 31
0.0
  0
LINE
  5
462
100
AcDbEntity
  8
0
 62
256
370
-1
 48
1.0
  6
BYLAYER
100
AcDbLine
 10
-310.0
 20
-170.0
 30
0.0
 11
-310.0
 21
-190.0
 31
0.0
  0
LINE
  5
463
100
AcDbEntity
  8
0
 62
256
370
-1
 48
1.0
  6
BYLAYER
100
AcDbLine
 10
-190.0
 20
-170.0
 30
0.0
 11
-190.0
 21
-190.0
 31
0.0
  0
LINE
  5
464
100
AcDbEntity
  8
0
 62
256
370
-1
 48
1.0
  6
BYLAYER
100
AcDbLine
 10
-1030.0
 20
-190.0
 30
0.0
 11
-990.0
 21
-190.0
 31
0.0
  0
LINE
  5
465
100
AcDbEntity
  8
0
 62
256
370
-1
 48
1.0
  6
BYLAYER
100
AcDbLine
 10
-906.4183808012865029
 20
-189.4129067198583982
 30
0.0
 11
-866.4183808012865029
 21
-189.4129067198583982
 31
0.0
  0
LINE
  5
466
100
AcDbEntity
  8
0
 62
256
370
-1
 48
1.0
  6
BYLAYER
100
AcDbLine
 10
-790.0
 20
-190.0
 30
0.0
 11
-750.0
 21
-190.0
 31
0.0
  0
LINE
  5
467
100
AcDbEntity
  8
0
 62
256
370
-1
 48
1.0
  6
BYLAYER
100
AcDbLine
 10
-670.0
 20
-190.0
 30
0.0
 11
-630.0
 21
-190.0
 31
0.0
  0
LINE
  5
468
100
AcDbEntity
  8
0
 62
256
370
-1
 48
1.0
  6
BYLAYER
100
AcDbLine
 10
-550.0
 20
-190.0
 30
0.0
 11
-510.0
 21
-190.0
 31
0.0
  0
LINE
  5
469
100
AcDbEntity
  8
0
 62
256
370
-1
 48
1.0
  6
BYLAYER
100
AcDbLine
 10
-430.0
 20
-190.0
 30
0.0
 11
-390.0
 21
-190.0
 31
0.0
  0
LINE
  5
46A
100
AcDbEntity
  8
0
 62
256
370
-1
 48
1.0
  6
BYLAYER
100
AcDbLine
 10
-310.0
 20
-190.0
 30
0.0
 11
-270.0
 21
-190.0
 31
0.0
  0
LINE
  5
46B
100
AcDbEntity
  8
0
 62
256
370
-1
 48
1.0
  6
BYLAYER
100
AcDbLine
 10
-190.0
 20
-190.0
 30
0.0
 11
-150.0
 21
-190.0
 31
0.0
  0
LINE
  5
46C
100
AcDbEntity
  8
0
 62
256
370
-1
 48
1.0
  6
BYLAYER
100
AcDbLine
 10
-990.0
 20
-190.0
 30
0.0
 11
-990.0
 21
-170.0
 31
0.0
  0
LINE
  5
46D
100
AcDbEntity
  8
0
 62
256
370
-1
 48
1.0
  6
BYLAYER
100
AcDbLine
 10
-866.4183808012865029
 20
-189.4129067198583982
 30
0.0
 11
-866.4183808012865029
 21
-169.4129067198583982
 31
0.0
  0
LINE
  5
46E
100
AcDbEntity
  8
0
 62
256
370
-1
 48
1.0
  6
BYLAYER
100
AcDbLine
 10
-750.0
 20
-190.0
 30
0.0
 11
-750.0
 21
-170.0
 31
0.0
  0
LINE
  5
46F
100
AcDbEntity
  8
0
 62
256
370
-1
 48
1.0
  6
BYLAYER
100
AcDbLine
 10
-630.0
 20
-190.0
 30
0.0
 11
-630.0
 21
-170.0
 31
0.0
  0
LINE
  5
470
100
AcDbEntity
  8
0
 62
256
370
-1
 48
1.0
  6
BYLAYER
100
AcDbLine
 10
-510.0
 20
-190.0
 30
0.0
 11
-510.0
 21
-170.0
 31
0.0
  0
LINE
  5
471
100
AcDbEntity
  8
0
 62
256
370
-1
 48
1.0
  6
BYLAYER
100
AcDbLine
 10
-390.0
 20
-190.0
 30
0.0
 11
-390.0
 21
-170.0
 31
0.0
  0
LINE
  5
472
100
AcDbEntity
  8
0
 62
256
370
-1
 48
1.0
  6
BYLAYER
100
AcDbLine
 10
-270.0
 20
-190.0
 30
0.0
 11
-270.0
 21
-170.0
 31
0.0
  0
LINE
  5
473
100
AcDbEntity
  8
0
 62
256
370
-1
 48
1.0
  6
BYLAYER
100
AcDbLine
 10
-150.0
 20
-190.0
 30
0.0
 11
-150.0
 21
-170.0
 31
0.0
  0
LINE
  5
474
100
AcDbEntity
  8
0
 62
256
370
-1
 48
1.0
  6
BYLAYER
100
AcDbLine
 10
-990.0
 20
-170.0
 30
0.0
 11
-1030.0
 21
-170.0
 31
0.0
  0
LINE
  5
475
100
AcDbEntity
  8
0
 62
256
370
-1
 48
1.0
  6
BYLAYER
100
AcDbLine
 10
-866.4183808012865029
 20
-169.4129067198583982
 30
0.0
 11
-906.4183808012865029
 21
-169.4129067198583982
 31
0.0
  0
LINE
  5
476
100
AcDbEntity
  8
0
 62
256
370
-1
 48
1.0
  6
BYLAYER
100
AcDbLine
 10
-750.0
 20
-170.0
 30
0.0
 11
-790.0
 21
-170.0
 31
0.0
  0
LINE
  5
477
100
AcDbEntity
  8
0
 62
256
370
-1
 48
1.0
  6
BYLAYER
100
AcDbLine
 10
-630.0
 20
-170.0
 30
0.0
 11
-670.0
 21
-170.0
 31
0.0
  0
LINE
  5
478
100
AcDbEntity
  8
0
 62
256
370
-1
 48
1.0
  6
BYLAYER
100
AcDbLine
 10
-510.0
 20
-170.0
 30
0.0
 11
-550.0
 21
-170.0
 31
0.0
  0
LINE
  5
479
100
AcDbEntity
  8
0
 62
256
370
-1
 48
1.0
  6
BYLAYER
100
AcDbLine
 10
-390.0
 20
-170.0
 30
0.0
 11
-430.0
 21
-170.0
 31
0.0
  0
LINE
  5
47A
100
AcDbEntity
  8
0
 62
256
370
-1
 48
1.0
  6
BYLAYER
100
AcDbLine
 10
-270.0
 20
-170.0
 30
0.0
 11
-310.0
 21
-170.0
 31
0.0
  0
LINE
  5
47B
100
AcDbEntity
  8
0
 62
256
370
-1
 48
1.0
  6
BYLAYER
100
AcDbLine
 10
-150.0
 20
-170.0
 30
0.0
 11
-190.0
 21
-170.0
 31
0.0
  0
MTEXT
  5
47C
100
AcDbEntity
  8
0
 62
256
370
-1
 48
1.0
  6
BYLAYER
100
AcDbMText
 10
-1082.0058470412864153
 20
-176.9992363198583121
 30
0.0
 40
1.0
 41
0.0
 71
1
 72
1
  1
\C7;\H6;SOLO
  7
textstyle141
 50
0.0
 73
2
 44
1.0
  0
MTEXT
  5
47D
100
AcDbEntity
  8
0
 62
256
370
-1
 48
1.0
  6
BYLAYER
100
AcDbMText
 10
-958.4242278425729182
 20
-176.4121430397158861
 30
0.0
 40
1.0
 41
0.0
 71
1
 72
1
  1
\C7;\H6;SOLO
  7
textstyle142
 50
0.0
 73
2
 44
1.0
  0
MTEXT
  5
47E
100
AcDbEntity
  8
0
 62
256
370
-1
 48
1.0
  6
BYLAYER
100
AcDbMText
 10
-842.0058470412864153
 20
-176.9992363198574878
 30
0.0
 40
1.0
 41
0.0
 71
1
 72
1
  1
\C7;\H6;SOLO
  7
textstyle143
 50
0.0
 73
2
 44
1.0
  0
MTEXT
  5
47F
100
AcDbEntity
  8
0
 62
256
370
-1
 48
1.0
  6
BYLAYER
100
AcDbMText
 10
-722.0058470412864153
 20
-176.9992363198574878
 30
0.0
 40
1.0
 41
0.0
 71
1
 72
1
  1
\C7;\H6;SOLO
  7
textstyle137
 50
0.0
 73
2
 44
1.0
  0
MTEXT
  5
480
100
AcDbEntity
  8
0
 62
256
370
-1
 48
1.0
  6
BYLAYER
100
AcDbMText
 10
-602.0058470412864153
 20
-176.9992363198574878
 30
0.0
 40
1.0
 41
0.0
 71
1
 72
1
  1
\C7;\H6;SOLO
  7
textstyle138
 50
0.0
 73
2
 44
1.0
  0
MTEXT
  5
481
100
AcDbEntity
  8
0
 62
256
370
-1
 48
1.0
  6
BYLAYER
100
AcDbMText
 10
-482.0058470412864153
 20
-176.9992363198574878
 30
0.0
 40
1.0
 41
0.0
 71
1
 72
1
  1
\C7;\H6;SOLO
  7
textstyle139
 50
0.0
 73
2
 44
1.0
  0
MTEXT
  5
482
100
AcDbEntity
  8
0
 62
256
370
-1
 48
1.0
  6
BYLAYER
100
AcDbMText
 10
-362.0058470412864153
 20
-176.9992363198574878
 30
0.0
 40
1.0
 41
0.0
 71
1
 72
1
  1
\C7;\H6;SOLO
  7
textstyle140
 50
0.0
 73
2
 44
1.0
  0
MTEXT
  5
483
100
AcDbEntity
  8
0
 62
256
370
-1
 48
1.0
  6
BYLAYER
100
AcDbMText
 10
-242.0058470412864153
 20
-176.9992363198574878
 30
0.0
 40
1.0
 41
0.0
 71
1
 72
1
  1
\C7;\H6;SOLO
  7
textstyle130
 50
0.0
 73
2
 44
1.0
  0
MTEXT
  5
484
100
AcDbEntity
  8
0
 62
256
370
-1
 48
1.0
  6
BYLAYER
100
AcDbMText
 10
-1021.4500915212865948
 20
-176.9992363198583121
 30
0.0
 40
1.0
 41
0.0
 71
1
 72
1
  1
\C7;\H6;MUTE
  7
textstyle131
 50
0.0
 73
2
 44
1.0
  0
MTEXT
  5
485
100
AcDbEntity
  8
0
 62
256
370
-1
 48
1.0
  6
BYLAYER
100
AcDbMText
 10
-897.8684723225730977
 20
-176.4121430397168808
 30
0.0
 40
1.0
 41
0.0
 71
1
 72
1
  1
\C7;\H6;MUTE
  7
textstyle132
 50
0.0
 73
2
 44
1.0
  0
MTEXT
  5
486
100
AcDbEntity
  8
0
 62
256
370
-1
 48
1.0
  6
BYLAYER
100
AcDbMText
 10
-781.4500915212865948
 20
-176.9992363198584826
 30
0.0
 40
1.0
 41
0.0
 71
1
 72
1
  1
\C7;\H6;MUTE
  7
textstyle133
 50
0.0
 73
2
 44
1.0
  0
MTEXT
  5
487
100
AcDbEntity
  8
0
 62
256
370
-1
 48
1.0
  6
BYLAYER
100
AcDbMText
 10
-661.4500915212865948
 20
-176.9992363198584826
 30
0.0
 40
1.0
 41
0.0
 71
1
 72
1
  1
\C7;\H6;MUTE
  7
textstyle126
 50
0.0
 73
2
 44
1.0
  0
MTEXT
  5
488
100
AcDbEntity
  8
0
 62
256
370
-1
 48
1.0
  6
BYLAYER
100
AcDbMText
 10
-541.4500915212865948
 20
-176.9992363198584826
 30
0.0
 40
1.0
 41
0.0
 71
1
 72
1
  1
\C7;\H6;MUTE
  7
textstyle127
 50
0.0
 73
2
 44
1.0
  0
MTEXT
  5
489
100
AcDbEntity
  8
0
 62
256
370
-1
 48
1.0
  6
BYLAYER
100
AcDbMText
 10
-421.4500915212865948
 20
-176.9992363198584826
 30
0.0
 40
1.0
 41
0.0
 71
1
 72
1
  1
\C7;\H6;MUTE
  7
textstyle128
 50
0.0
 73
2
 44
1.0
  0
MTEXT
  5
48A
100
AcDbEntity
  8
0
 62
256
370
-1
 48
1.0
  6
BYLAYER
100
AcDbMText
 10
-301.4500915212865948
 20
-176.9992363198584826
 30
0.0
 40
1.0
 41
0.0
 71
1
 72
1
  1
\C7;\H6;MUTE
  7
textstyle129
 50
0.0
 73
2
 44
1.0
  0
MTEXT
  5
48B
100
AcDbEntity
  8
0
 62
256
370
-1
 48
1.0
  6
BYLAYER
100
AcDbMText
 10
-181.4500915212865948
 20
-176.9992363198584826
 30
0.0
 40
1.0
 41
0.0
 71
1
 72
1
  1
\C7;\H6;MUTE
  7
textstyle123
 50
0.0
 73
2
 44
1.0
  0
MTEXT
  5
48C
100
AcDbEntity
  8
0
 62
256
370
-1
 48
1.0
  6
BYLAYER
100
AcDbMText
 10
510.0
 20
-170.0
 30
0.0
 40
1.0
 41
0.0
 71
1
 72
1
  1
\C7;\H15;MASTER
  7
textstyle124
 50
0.0
 73
2
 44
1.0
  0
MTEXT
  5
48D
100
AcDbEntity
  8
0
 62
256
370
-1
 48
1.0
  6
BYLAYER
100
AcDbMText
 10
-982.8111651260708186
 20
2538.6840885617484673
 30
0.0
 40
1.0
 41
0.0
 71
1
 72
1
  1
\C7;\H50;PRISM Hybrid Vision
  7
textstyle125
 50
0.0
 73
2
 44
1.0
  0
LINE
  5
48E
100
AcDbEntity
  8
0
 62
256
370
-1
 48
1.0
  6
BYLAYER
100
AcDbLine
 10
-1000.0
 20
2400.0
 30
0.0
 11
-300.0
 21
2400.0
 31
0.0
  0
MTEXT
  5
48F
100
AcDbEntity
  8
0
 62
256
370
-1
 48
1.0
  6
BYLAYER
100
AcDbMText
 10
-820.9159586388016123
 20
2322.6533605254708164
 30
0.0
 40
1.0
 41
0.0
 71
1
 72
1
  1
\C7;\H50;KV Designs
  7
textstyle122
 50
0.0
 73
2
 44
1.0
  0
LINE
  5
490
100
AcDbEntity
  8
0
 62
256
370
-1
 48
1.0
  6
BYLAYER
100
AcDbLine
 10
-1122.1950317075454677
 20
1900.729050364151135
 30
0.0
 11
700.0
 21
1900.729050364151135
 31
0.0
  0
LINE
  5
491
100
AcDbEntity
  8
0
 62
256
370
-1
 48
1.0
  6
BYLAYER
100
AcDbLine
 10
700.0
 20
2100.0
 30
0.0
 11
-1120.0
 21
2100.0
 31
0.0
  0
LINE
  5
492
100
AcDbEntity
  8
0
 62
256
370
-1
 48
1.0
  6
BYLAYER
100
AcDbLine
 10
-1100.0
 20
1850.0
 30
0.0
 11
630.0
 21
1850.0
 31
0.0
  0
LINE
  5
493
100
AcDbEntity
  8
0
 62
256
370
-1
 48
1.0
  6
BYLAYER
100
AcDbLine
 10
-1100.0
 20
1850.0
 30
0.0
 11
-1100.0
 21
1530.0
 31
0.0
  0
LINE
  5
494
100
AcDbEntity
  8
0
 62
256
370
-1
 48
1.0
  6
BYLAYER
100
AcDbLine
 10
630.0
 20
1850.0
 30
0.0
 11
630.0
 21
1530.0
 31
0.0
  0
LINE
  5
495
100
AcDbEntity
  8
0
 62
256
370
-1
 48
1.0
  6
BYLAYER
100
AcDbLine
 10
700.0
 20
1500.0
 30
0.0
 11
2700.0
 21
1500.0
 31
0.0
  0
LINE
  5
496
100
AcDbEntity
  8
0
 62
256
370
-1
 48
1.0
  6
BYLAYER
100
AcDbLine
 10
2700.0
 20
1500.0
 30
0.0
 11
2700.0
 21
2800.0
 31
0.0
  0
LINE
  5
497
100
AcDbEntity
  8
0
 62
256
370
-1
 48
1.0
  6
BYLAYER
100
AcDbLine
 10
2700.0
 20
2800.0
 30
0.0
 11
700.0
 21
2800.0
 31
0.0
  0
LINE
  5
498
100
AcDbEntity
  8
0
 62
256
370
-1
 48
1.0
  6
BYLAYER
100
AcDbLine
 10
2700.0
 20
1500.0
 30
0.0
 11
2708.3317893776784331
 21
-658.9316075840329177
 31
0.0
  0
LINE
  5
499
100
AcDbEntity
  8
0
 62
256
370
-1
 48
1.0
  6
BYLAYER
100
AcDbLine
 10
2708.3317893776784331
 20
-658.9316075840329177
 30
0.0
 11
700.0
 21
-650.0
 31
0.0
  0
LINE
  5
49A
100
AcDbEntity
  8
0
 62
256
370
-1
 48
1.0
  6
BYLAYER
100
AcDbLine
 10
-1120.0
 20
1510.0
 30
0.0
 11
-2300.0
 21
1500.0
 31
0.0
  0
LINE
  5
49B
100
AcDbEntity
  8
0
 62
256
370
-1
 48
1.0
  6
BYLAYER
100
AcDbLine
 10
-2300.0
 20
2800.0
 30
0.0
 11
-1120.0
 21
2800.0
 31
0.0
  0
LINE
  5
49C
100
AcDbEntity
  8
0
 62
256
370
-1
 48
1.0
  6
BYLAYER
100
AcDbLine
 10
-2300.0
 20
-700.0
 30
0.0
 11
-1120.0
 21
-700.0
 31
0.0
  0
MTEXT
  5
49D
100
AcDbEntity
  8
0
 62
256
370
-1
 48
1.0
  6
BYLAYER
100
AcDbMText
 10
-2300.0
 20
500.0
 30
0.0
 40
1.0
 41
0.0
 71
1
 72
1
  1
\C7;\H50;Producers Desk
  7
textstyle135
 50
0.0
 73
2
 44
1.0
  0
MTEXT
  5
49E
100
AcDbEntity
  8
0
 62
256
370
-1
 48
1.0
  6
BYLAYER
100
AcDbMText
 10
1556.5501034600320054
 20
464.0083899749970442
 30
0.0
 40
1.0
 41
0.0
 71
1
 72
1
  1
\C7;\H50;19" Rack
  7
textstyle136
 50
0.0
 73
2
 44
1.0
  0
MTEXT
  5
49F
100
AcDbEntity
  8
0
 62
256
370
-1
 48
1.0
  6
BYLAYER
100
AcDbMText
 10
1600.0
 20
2100.0
 30
0.0
 40
1.0
 41
0.0
 71
1
 72
1
  1
\C7;\H50;19" Rack
  7
textstyle134
 50
0.0
 73
2
 44
1.0
  0
LINE
  5
4A0
100
AcDbEntity
  8
0
 62
256
370
-1
 48
1.0
  6
BYLAYER
100
AcDbLine
 10
-2300.0
 20
1500.0
 30
0.0
 11
-3000.0
 21
1500.0
 31
0.0
  0
LINE
  5
4A1
100
AcDbEntity
  8
0
 62
256
370
-1
 48
1.0
  6
BYLAYER
100
AcDbLine
 10
-3000.0
 20
1500.0
 30
0.0
 11
-3000.0
 21
-700.0
 31
0.0
  0
LINE
  5
4A2
100
AcDbEntity
  8
0
 62
256
370
-1
 48
1.0
  6
BYLAYER
100
AcDbLine
 10
-3000.0
 20
-700.0
 30
0.0
 11
-2300.0
 21
-700.0
 31
0.0
  0
LINE
  5
4A3
100
AcDbEntity
  8
0
 62
256
370
-1
 48
1.0
  6
BYLAYER
100
AcDbLine
 10
-3000.0
 20
1500.0
 30
0.0
 11
-3000.0
 21
2800.0
 31
0.0
  0
LINE
  5
4A4
100
AcDbEntity
  8
0
 62
256
370
-1
 48
1.0
  6
BYLAYER
100
AcDbLine
 10
-3000.0
 20
2800.0
 30
0.0
 11
-2300.0
 21
2800.0
 31
0.0
  0
ENDSEC
  0
SECTION
  2
OBJECTS
  0
DICTIONARY
  5
C
100
AcDbDictionary
280
0
281
1
  3
ACAD_GROUP
350
D
  3
ACAD_LAYOUT
350
1A
  3
ACAD_MLINESTYLE
350
17
  3
ACAD_PLOTSETTINGS
350
19
  3
ACAD_PLOTSTYLENAME
350
E
  3
AcDbVariableDictionary
350
4A5
  3
QCAD_OBJECTS
350
4A6
  0
DICTIONARY
  5
D
100
AcDbDictionary
280
0
281
1
  0
ACDBDICTIONARYWDFLT
  5
E
100
AcDbDictionary
281
1
  3
Normal
350
F
100
AcDbDictionaryWithDefault
340
F
  0
ACDBPLACEHOLDER
  5
F
  0
DICTIONARY
  5
17
100
AcDbDictionary
280
0
281
1
  3
Standard
350
18
  0
MLINESTYLE
  5
18
100
AcDbMlineStyle
  2
STANDARD
 70
0
  3

 62
256
 51
90.0
 52
90.0
 71
2
 49
0.5
 62
256
  6
BYLAYER
 49
-0.5
 62
256
  6
BYLAYER
  0
DICTIONARY
  5
19
100
AcDbDictionary
280
0
281
1
  0
DICTIONARY
  5
1A
100
AcDbDictionary
281
1
  3
Layout1
350
1E
  3
Layout2
350
26
  3
Model
350
22
  0
LAYOUT
  5
1E
100
AcDbPlotSettings
  1

  2
none_device
  4

  6

 40
0.0
 41
0.0
 42
0.0
 43
0.0
 44
0.0
 45
0.0
 46
0.0
 47
0.0
 48
0.0
 49
0.0
140
0.0
141
0.0
142
1.0
143
1.0
 70
688
 72
0
 73
0
 74
5
  7

 75
16
147
1.0
148
0.0
149
0.0
100
AcDbLayout
  1
Layout1
 70
1
 71
1
 10
0.0
 20
0.0
 11
420.0
 21
297.0
 12
0.0
 22
0.0
 32
0.0
 14
100000000000000000000.0
 24
100000000000000000000.0
 34
100000000000000000000.0
 15
-100000000000000000000.0
 25
-100000000000000000000.0
 35
-100000000000000000000.0
146
0.0
 13
0.0
 23
0.0
 33
0.0
 16
1.0
 26
0.0
 36
0.0
 17
0.0
 27
1.0
 37
0.0
 76
0
330
1B
  0
LAYOUT
  5
22
100
AcDbPlotSettings
  1

  2
none_device
  4

  6

 40
0.0
 41
0.0
 42
0.0
 43
0.0
 44
0.0
 45
0.0
 46
0.0
 47
0.0
 48
0.0
 49
0.0
140
0.0
141
0.0
142
1.0
143
1.0
 70
1712
 72
0
 73
0
 74
0
  7

 75
0
147
1.0
148
0.0
149
0.0
100
AcDbLayout
  1
Model
 70
1
 71
0
 10
0.0
 20
0.0
 11
12.0
 21
9.0
 12
0.0
 22
0.0
 32
0.0
 14
0.0
 24
0.0
 34
0.0
 15
0.0
 25
0.0
 35
0.0
146
0.0
 13
0.0
 23
0.0
 33
0.0
 16
1.0
 26
0.0
 36
0.0
 17
0.0
 27
1.0
 37
0.0
 76
0
330
1F
  0
LAYOUT
  5
26
100
AcDbPlotSettings
  1

  2
none_device
  4

  6

 40
0.0
 41
0.0
 42
0.0
 43
0.0
 44
0.0
 45
0.0
 46
0.0
 47
0.0
 48
0.0
 49
0.0
140
0.0
141
0.0
142
1.0
143
1.0
 70
688
 72
0
 73
0
 74
5
  7

 75
16
147
1.0
148
0.0
149
0.0
100
AcDbLayout
  1
Layout2
 70
1
 71
2
 10
0.0
 20
0.0
 11
12.0
 21
9.0
 12
0.0
 22
0.0
 32
0.0
 14
0.0
 24
0.0
 34
0.0
 15
0.0
 25
0.0
 35
0.0
146
0.0
 13
0.0
 23
0.0
 33
0.0
 16
1.0
 26
0.0
 36
0.0
 17
0.0
 27
1.0
 37
0.0
 76
0
330
23
  0
DICTIONARY
  5
4A5
100
AcDbDictionary
281
1
  3
DIMASSOC
350
4A8
  3
HIDETEXT
350
4A7
  0
DICTIONARYVAR
  5
4A7
100
DictionaryVariables
280
0
  1
2
  0
DICTIONARYVAR
  5
4A8
100
DictionaryVariables
280
0
  1
1
  0
DICTIONARY
  5
4A6
100
AcDbDictionary
281
1
  3
ColorSettings/BackgroundColor
350
4A9
  3
ColorSettings/ColorMode
350
4AA
  3
Grid/DisplayGrid00
350
4AB
  3
Grid/DisplayGrid01
350
4AC
  3
Grid/DisplayGrid02
350
4AD
  3
Grid/DisplayGrid03
350
4AE
  3
Grid/GridSpacingX00
350
4AF
  3
Grid/GridSpacingX01
350
4B0
  3
Grid/GridSpacingX02
350
4B1
  3
Grid/GridSpacingX03
350
4B2
  3
Grid/GridSpacingY00
350
4B3
  3
Grid/GridSpacingY01
350
4B4
  3
Grid/GridSpacingY02
350
4B5
  3
Grid/GridSpacingY03
350
4B6
  3
Grid/IsometricGrid00
350
4B7
  3
Grid/IsometricGrid01
350
4B8
  3
Grid/IsometricGrid02
350
4B9
  3
Grid/IsometricGrid03
350
4BA
  3
Grid/IsometricProjection00
350
4BB
  3
Grid/IsometricProjection01
350
4BC
  3
Grid/IsometricProjection02
350
4BD
  3
Grid/IsometricProjection03
350
4BE
  3
Grid/MetaGridSpacingX00
350
4BF
  3
Grid/MetaGridSpacingX01
350
4C0
  3
Grid/MetaGridSpacingX02
350
4C1
  3
Grid/MetaGridSpacingX03
350
4C2
  3
Grid/MetaGridSpacingY00
350
4C3
  3
Grid/MetaGridSpacingY01
350
4C4
  3
Grid/MetaGridSpacingY02
350
4C5
  3
Grid/MetaGridSpacingY03
350
4C6
  3
MultiPageSettings/Columns
350
4C7
  3
MultiPageSettings/GlueMarginsBottom
350
4C8
  3
MultiPageSettings/GlueMarginsLeft
350
4C9
  3
MultiPageSettings/GlueMarginsRight
350
4CA
  3
MultiPageSettings/GlueMarginsTop
350
4CB
  3
MultiPageSettings/PrintCropMarks
350
4CC
  3
MultiPageSettings/Rows
350
4CD
  3
PageSettings/OffsetX
350
4CE
  3
PageSettings/OffsetY
350
4CF
  3
PageSettings/PageOrientation
350
4D0
  3
PageSettings/PaperHeight
350
4D1
  3
PageSettings/PaperWidth
350
4D2
  3
PageSettings/Scale
350
4D3
  3
PageSettings/ShowPaperBorders
350
4D4
  3
PageTagSettings/EnablePageTags
350
4D5
  3
PageTagSettings/TagAlignment
350
4D6
  3
PageTagSettings/TagFont
350
4D7
  3
PageTagSettings/TagPosition
350
4D8
  3
QCADVersion
350
4D9
  3
UnitSettings/PaperUnit
350
4DA
  3
ViewportCenter
350
4DB
  3
ViewportHeight
350
4DC
  3
ViewportWidth
350
4DD
  0
XRECORD
  5
4A9
330
4A6
100
AcDbXrecord
280
1
1000
White
  0
XRECORD
  5
4AA
330
4A6
100
AcDbXrecord
280
1
1000
FullColor
  0
XRECORD
  5
4AB
330
4A6
100
AcDbXrecord
280
1
290
1
  0
XRECORD
  5
4AC
330
4A6
100
AcDbXrecord
280
1
290
1
  0
XRECORD
  5
4AD
330
4A6
100
AcDbXrecord
280
1
290
1
  0
XRECORD
  5
4AE
330
4A6
100
AcDbXrecord
280
1
290
1
  0
XRECORD
  5
4AF
330
4A6
100
AcDbXrecord
280
1
1000
auto
  0
XRECORD
  5
4B0
330
4A6
100
AcDbXrecord
280
1
1000
auto
  0
XRECORD
  5
4B1
330
4A6
100
AcDbXrecord
280
1
1000
auto
  0
XRECORD
  5
4B2
330
4A6
100
AcDbXrecord
280
1
1000
auto
  0
XRECORD
  5
4B3
330
4A6
100
AcDbXrecord
280
1
1000
auto
  0
XRECORD
  5
4B4
330
4A6
100
AcDbXrecord
280
1
1000
auto
  0
XRECORD
  5
4B5
330
4A6
100
AcDbXrecord
280
1
1000
auto
  0
XRECORD
  5
4B6
330
4A6
100
AcDbXrecord
280
1
1000
auto
  0
XRECORD
  5
4B7
330
4A6
100
AcDbXrecord
280
1
290
0
  0
XRECORD
  5
4B8
330
4A6
100
AcDbXrecord
280
1
290
0
  0
XRECORD
  5
4B9
330
4A6
100
AcDbXrecord
280
1
290
0
  0
XRECORD
  5
4BA
330
4A6
100
AcDbXrecord
280
1
290
0
  0
XRECORD
  5
4BB
330
4A6
100
AcDbXrecord
280
1
 90
65537
  0
XRECORD
  5
4BC
330
4A6
100
AcDbXrecord
280
1
 90
65537
  0
XRECORD
  5
4BD
330
4A6
100
AcDbXrecord
280
1
 90
65537
  0
XRECORD
  5
4BE
330
4A6
100
AcDbXrecord
280
1
 90
65537
  0
XRECORD
  5
4BF
330
4A6
100
AcDbXrecord
280
1
1000
auto
  0
XRECORD
  5
4C0
330
4A6
100
AcDbXrecord
280
1
1000
auto
  0
XRECORD
  5
4C1
330
4A6
100
AcDbXrecord
280
1
1000
auto
  0
XRECORD
  5
4C2
330
4A6
100
AcDbXrecord
280
1
1000
auto
  0
XRECORD
  5
4C3
330
4A6
100
AcDbXrecord
280
1
1000
auto
  0
XRECORD
  5
4C4
330
4A6
100
AcDbXrecord
280
1
1000
auto
  0
XRECORD
  5
4C5
330
4A6
100
AcDbXrecord
280
1
1000
auto
  0
XRECORD
  5
4C6
330
4A6
100
AcDbXrecord
280
1
1000
auto
  0
XRECORD
  5
4C7
330
4A6
100
AcDbXrecord
280
1
 90
1
  0
XRECORD
  5
4C8
330
4A6
100
AcDbXrecord
280
1
 40
0.5
  0
XRECORD
  5
4C9
330
4A6
100
AcDbXrecord
280
1
 40
0.5
  0
XRECORD
  5
4CA
330
4A6
100
AcDbXrecord
280
1
 40
0.5
  0
XRECORD
  5
4CB
330
4A6
100
AcDbXrecord
280
1
 40
0.5
  0
XRECORD
  5
4CC
330
4A6
100
AcDbXrecord
280
1
290
0
  0
XRECORD
  5
4CD
330
4A6
100
AcDbXrecord
280
1
 90
1
  0
XRECORD
  5
4CE
330
4A6
100
AcDbXrecord
280
1
 40
-3272.2815346766078619
  0
XRECORD
  5
4CF
330
4A6
100
AcDbXrecord
280
1
 40
-1160.6193945008208175
  0
XRECORD
  5
4D0
330
4A6
100
AcDbXrecord
280
1
1000
Landscape
  0
XRECORD
  5
4D1
330
4A6
100
AcDbXrecord
280
1
 40
11.6929133858267722
  0
XRECORD
  5
4D2
330
4A6
100
AcDbXrecord
280
1
 40
8.2677165354330704
  0
XRECORD
  5
4D3
330
4A6
100
AcDbXrecord
280
1
 40
0.00187
  0
XRECORD
  5
4D4
330
4A6
100
AcDbXrecord
280
1
290
1
  0
XRECORD
  5
4D5
330
4A6
100
AcDbXrecord
280
1
290
0
  0
XRECORD
  5
4D6
330
4A6
100
AcDbXrecord
280
1
1000
Inside
  0
XRECORD
  5
4D7
330
4A6
100
AcDbXrecord
280
1
1000
Arial,10,-1,5,50,0,0,0,0,0
  0
XRECORD
  5
4D8
330
4A6
100
AcDbXrecord
280
1
1000
TopLeft
  0
XRECORD
  5
4D9
330
4A6
100
AcDbXrecord
280
1
1000
3.32.6
  0
XRECORD
  5
4DA
330
4A6
100
AcDbXrecord
280
1
 90
1
  0
XRECORD
  5
4DC
330
4A6
100
AcDbXrecord
280
1
 40
5153.2319659886679801
  0
XRECORD
  5
4DD
330
4A6
100
AcDbXrecord
280
1
 40
10848.1388829477364197
  0
ENDSEC
  0
EOF
